호선,역명,역코드,상하행,방면,탑승구,근접이동시설,승강기_일련번호,탑승구_층,방면_탑승구,승강장유형
1,서울역,133,하행,남영,2-3,에스컬레이터,1806-600,B2,"남영 방면2-3, 시청 방면9-2",섬식
1,서울역,133,상행,시청,9-3,에스컬레이터,1806-599,B2,"시청 방면9-3, 남영 방면2-2",섬식
1,서울역,133,하행,남영,4-4,엘리베이터,0074-205,B2,"시청 방면5-1, 남영 방면4-4",섬식
1,서울역,133,하행,남영,10-4,계단,,,,섬식
1,서울역,133,하행,남영,1-1,계단,,,,섬식
1,서울역,133,하행,남영,8-1,계단,,,,섬식
1,서울역,133,하행,남영,4-2,계단,,,,섬식
1,서울역,133,상행,시청,9-2,에스컬레이터,1806-600,B2,"남영 방면2-3, 시청 방면9-2",섬식
1,서울역,133,하행,남영,2-2,에스컬레이터,1806-599,B2,"시청 방면9-3, 남영 방면2-2",섬식
1,서울역,133,상행,시청,1-1,계단,,,,섬식
1,서울역,133,상행,시청,10-4,계단,,,,섬식
1,서울역,133,상행,시청,3-4,계단,,,,섬식
1,서울역,133,상행,시청,7-3,계단,,,,섬식
1,서울역,133,상행,시청,5-1,엘리베이터,0074-205,B2,"시청 방면5-1, 남영 방면4-4",섬식
1,시청,132,상행,종각,2-2,계단,,,,상대식
1,시청,132,상행,종각,4-1,계단,,,,상대식
1,시청,132,상행,종각,4-1,계단,,,,상대식
1,시청,132,상행,종각,6-1,계단,,,,상대식
1,시청,132,상행,종각,7-4,계단,,,,상대식
1,시청,132,하행,서울역,5-4,계단,,,,상대식
1,시청,132,하행,서울역,7-4,계단,,,,상대식
1,시청,132,하행,서울역,9-3,계단,,,,상대식
1,시청,132,상행,종각,3-2,엘리베이터,0002-888,B2,종각 방면3-2,상대식
1,시청,132,하행,서울역,8-3,엘리베이터,0002-887,B2,서울역 방면8-3,상대식
1,종각,131,상행,종로3가,1-4,계단,,,,상대식
1,종각,131,상행,종로3가,10-1,계단,,,,상대식
1,종각,131,상행,종로3가,6-1,계단,,,,상대식
1,종각,131,상행,종로3가,7-4,계단,,,,상대식
1,종각,131,하행,시청,1-4,계단,,,,상대식
1,종각,131,하행,시청,10-1,계단,,,,상대식
1,종각,131,하행,시청,4-1,계단,,,,상대식
1,종각,131,하행,시청,5-4,계단,,,,상대식
1,종각,131,상행,종로3가,6-4,엘리베이터,0000-506,B2,종로3가 방면6-4,상대식
1,종각,131,하행,시청,4-4,엘리베이터,0000-507,B2,시청 방면4-4,상대식
1,종로3가,130,상행,종로5가,5-1,엘리베이터,0000-512,B2,종로5가 방면5-1,상대식
1,종로3가,130,하행,종각,6-4,엘리베이터,0000-513,B2,종각 방면6-4,상대식
1,종로3가,130,상행,종로5가,2-2,계단,,,,상대식
1,종로3가,130,상행,종로5가,4-2,계단,,,,상대식
1,종로3가,130,상행,종로5가,7-3,계단,,,,상대식
1,종로3가,130,상행,종로5가,9-3,계단,,,,상대식
1,종로3가,130,하행,종각,2-2,계단,,,,상대식
1,종로3가,130,하행,종각,4-2,계단,,,,상대식
1,종로3가,130,하행,종각,7-3,계단,,,,상대식
1,종로3가,130,하행,종각,9-3,계단,,,,상대식
1,종로5가,129,상행,동대문,2-3,계단,,,,상대식
1,종로5가,129,상행,동대문,4-3,계단,,,,상대식
1,종로5가,129,상행,동대문,7-3,계단,,,,상대식
1,종로5가,129,상행,동대문,9-4,계단,,,,상대식
1,종로5가,129,하행,종로3가,2-2,계단,,,,상대식
1,종로5가,129,하행,종로3가,4-2,계단,,,,상대식
1,종로5가,129,하행,종로3가,7-2,계단,,,,상대식
1,종로5가,129,하행,종로3가,9-2,계단,,,,상대식
1,종로5가,129,상행,동대문,8-3,엘리베이터,0000-533,B2,동대문(1) 방면8-3,상대식
1,종로5가,129,하행,종로3가,3-2,엘리베이터,0000-534,B2,종로3가 방면3-2,상대식
1,동대문,128,상행,동묘앞,10-4,엘리베이터,0000-906,B2,동묘앞 방면10-4,상대식
1,동대문,128,하행,종로5가,2-1,엘리베이터,0000-907,B2,종로5가 방면2-1,상대식
1,동대문,128,상행,동묘앞,9-3,계단,,,,상대식
1,동대문,128,하행,종로5가,1-3,계단,,,,상대식
1,신설동,126,상행,제기동,9-4,계단,,,,상대식
1,신설동,126,하행,동묘앞,2-1,계단,,,,상대식
1,신설동,126,상행,제기동,3-4,엘리베이터,0083-762,B2,제기동 방면3-4,상대식
1,신설동,126,하행,동묘앞,8-1,엘리베이터,0083-764,B2,동묘앞 방면8-1,상대식
1,제기동,125,상행,청량리,4-4,계단,,,,상대식
1,제기동,125,상행,청량리,8-4,계단,,,,상대식
1,제기동,125,하행,신설동,3-1,계단,,,,상대식
1,제기동,125,하행,신설동,6-4,계단,,,,상대식
1,제기동,125,상행,청량리,9-4,엘리베이터,0043-600,B2,청량리 방면9-4,상대식
1,제기동,125,하행,신설동,2-1,엘리베이터,0027-701,B2,신설동 방면2-1,상대식
1,청량리,124,하행,제기동,10-4,계단,,,,섬식
1,청량리,124,하행,제기동,1-1,계단,,,,섬식
1,청량리,124,하행,제기동,7-4,계단,,,,섬식
1,청량리,124,하행,제기동,5-4,계단,,,,섬식
1,청량리,124,상행,회기,1-1,계단,,,,섬식
1,청량리,124,상행,회기,10-4,계단,,,,섬식
1,청량리,124,상행,회기,4-1,계단,,,,섬식
1,청량리,124,상행,회기,6-1,계단,,,,섬식
1,동묘앞,127,상행,신설동,6-2,엘리베이터,0000-946,B1,신설동 방면6-2,상대식
1,동묘앞,127,하행,동대문,1-2,엘리베이터,0000-944,B1,동대문(1) 방면1-2,상대식
1,동묘앞,127,상행,신설동,4-3,엘리베이터,0000-947,B1,신설동 방면4-3,상대식
1,동묘앞,127,상행,신설동,10-3,엘리베이터,0000-943,B1,신설동 방면10-3,상대식
1,동묘앞,127,상행,신설동,9-1,에스컬레이터,1800-055,B1,신설동 방면9-1,상대식
1,동묘앞,127,상행,신설동,9-1,에스컬레이터,1800-056,B1,신설동 방면9-1,상대식
1,동묘앞,127,상행,신설동,6-2,에스컬레이터,1800-057,B1,신설동 방면6-2,상대식
1,동묘앞,127,하행,동대문,5-4,에스컬레이터,1800-060,B1,동대문 방면5-4,상대식
1,동묘앞,127,하행,동대문,2-4,에스컬레이터,1800-061,B1,동대문 방면2-4,상대식
1,동묘앞,127,하행,동대문,2-4,에스컬레이터,1800-062,B1,동대문 방면2-4,상대식
1,동묘앞,127,하행,동대문,7-3,엘리베이터,0000-948,B1,동대문(1) 방면7-3,상대식
1,동묘앞,127,하행,동대문,5-3,계단,,,,상대식
2,시청,201,하행,을지로입구,5-3,엘리베이터,0042-520,B3,"충정로 방면6-2, 을지로입구 방면5-3",섬식
2,시청,201,하행,을지로입구,9-3,계단,,,,섬식
2,시청,201,하행,을지로입구,8-4,계단,,,,섬식
2,시청,201,하행,을지로입구,7-4,계단,,,,섬식
2,시청,201,하행,을지로입구,5-1,계단,,,,섬식
2,시청,201,하행,을지로입구,2-2,계단,,,,섬식
2,시청,201,상행,충정로,6-2,엘리베이터,0042-520,B3,"충정로 방면6-2, 을지로입구 방면5-3",섬식
2,시청,201,상행,충정로,2-2,계단,,,,섬식
2,시청,201,상행,충정로,3-1,계단,,,,섬식
2,시청,201,상행,충정로,4-1,계단,,,,섬식
2,시청,201,상행,충정로,6-4,계단,,,,섬식
2,시청,201,상행,충정로,9-3,계단,,,,섬식
2,을지로입구,202,상행,시청,5-3,엘리베이터,0003-059,B2,시청 방면5-3,상대식
2,을지로입구,202,하행,을지로3가,6-2,엘리베이터,0003-058,B2,을지로3가 방면6-2,상대식
2,을지로입구,202,상행,시청,1-3,계단,,,,상대식
2,을지로입구,202,상행,시청,10-2,계단,,,,상대식
2,을지로입구,202,상행,시청,5-2,계단,,,,상대식
2,을지로입구,202,상행,시청,7-2,계단,,,,상대식
2,을지로입구,202,하행,을지로3가,1-3,계단,,,,상대식
2,을지로입구,202,하행,을지로3가,10-2,계단,,,,상대식
2,을지로입구,202,하행,을지로3가,4-3,계단,,,,상대식
2,을지로입구,202,하행,을지로3가,6-3,계단,,,,상대식
2,을지로3가,203,상행,을지로입구,8-3,엘리베이터,0042-132,B2,을지로입구 방면8-3,상대식
2,을지로3가,203,하행,을지로4가,3-2,엘리베이터,0042-133,B2,을지로4가 방면3-2,상대식
2,을지로4가,204,상행,을지로3가,3-2,엘리베이터,0042-130,B2,을지로3가 방면3-2,상대식
2,을지로4가,204,하행,동대문역사문화공원,8-3,엘리베이터,0042-131,B2,동대문역사문화공원 방면8-3,상대식
2,을지로4가,204,상행,을지로3가,7-4,계단,,,,상대식
2,을지로4가,204,상행,을지로3가,9-2,계단,,,,상대식
2,을지로4가,204,하행,동대문역사문화공원,2-3,계단,,,,상대식
2,을지로4가,204,하행,동대문역사문화공원,2-4,계단,,,,상대식
2,을지로4가,204,하행,동대문역사문화공원,4-1,계단,,,,상대식
2,을지로4가,204,하행,동대문역사문화공원,9-1,계단,,,,상대식
2,동대문역사문화공원,205,상행,을지로4가,8-3,엘리베이터,0003-055,B2,을지로4가 방면8-3,상대식
2,동대문역사문화공원,205,하행,신당,3-2,엘리베이터,0003-056,B2,신당 방면3-2,상대식
2,동대문역사문화공원,205,상행,을지로4가,3-2,계단,,,,상대식
2,동대문역사문화공원,205,상행,을지로4가,4-1,계단,,,,상대식
2,동대문역사문화공원,205,상행,을지로4가,6-3,계단,,,,상대식
2,동대문역사문화공원,205,상행,을지로4가,8-1,계단,,,,상대식
2,동대문역사문화공원,205,하행,신당,3-4,계단,,,,상대식
2,동대문역사문화공원,205,하행,신당,5-2,계단,,,,상대식
2,동대문역사문화공원,205,하행,신당,7-4,계단,,,,상대식
2,동대문역사문화공원,205,하행,신당,9-2,계단,,,,상대식
2,신당,206,상행,동대문역사문화공원,3-4,엘리베이터,0103-796,B2,동대문역사문화공원 방면3-4,상대식
2,신당,206,하행,상왕십리,7-4,엘리베이터,0103-797,B2,상왕십리 방면7-4,상대식
2,신당,206,상행,동대문역사문화공원,2-4,계단,,,,상대식
2,신당,206,상행,동대문역사문화공원,4-2,계단,,,,상대식
2,신당,206,상행,동대문역사문화공원,7-2,계단,,,,상대식
2,신당,206,상행,동대문역사문화공원,8-4,계단,,,,상대식
2,신당,206,하행,상왕십리,2-4,계단,,,,상대식
2,신당,206,하행,상왕십리,4-3,계단,,,,상대식
2,신당,206,하행,상왕십리,7-3,계단,,,,상대식
2,신당,206,하행,상왕십리,9-1,계단,,,,상대식
2,상왕십리,207,상행,신당,8-1,엘리베이터,0042-156,B2,신당 방면8-1,상대식
2,상왕십리,207,상행,신당,2-4,계단,,,,상대식
2,상왕십리,207,상행,신당,4-4,계단,,,,상대식
2,상왕십리,207,상행,신당,7-1,계단,,,,상대식
2,상왕십리,207,상행,신당,9-1,계단,,,,상대식
2,상왕십리,207,하행,왕십리,2-4,계단,,,,상대식
2,상왕십리,207,하행,왕십리,4-4,계단,,,,상대식
2,상왕십리,207,하행,왕십리,7-1,계단,,,,상대식
2,상왕십리,207,하행,왕십리,9-1,계단,,,,상대식
2,상왕십리,207,하행,왕십리,3-4,엘리베이터,0042-157,B2,왕십리 방면3-4,상대식
2,왕십리,208,상행,상왕십리,7-1,에스컬레이터,1809-216,B2,상왕십리 방면7-1,상대식
2,왕십리,208,상행,상왕십리,7-1,에스컬레이터,1809-217,B2,상왕십리 방면7-1,상대식
2,왕십리,208,하행,한양대,2-3,에스컬레이터,1809-218,B2,한양대 방면2-3,상대식
2,왕십리,208,하행,한양대,2-3,에스컬레이터,1809-219,B2,한양대 방면2-3,상대식
2,왕십리,208,하행,한양대,3-1,에스컬레이터,1808-501,B2,한양대 방면3-1,상대식
2,왕십리,208,하행,한양대,3-1,에스컬레이터,1808-502,B2,한양대 방면3-1,상대식
2,왕십리,208,상행,상왕십리,3-2,엘리베이터,0003-466,B2,상왕십리 방면3-2,상대식
2,왕십리,208,하행,한양대,3-4,엘리베이터,0068-689,B2,한양대 방면3-4,상대식
2,왕십리,208,상행,상왕십리,2-4,계단,,,,상대식
2,왕십리,208,상행,상왕십리,4-4,계단,,,,상대식
2,왕십리,208,상행,상왕십리,7-4,계단,,,,상대식
2,왕십리,208,상행,상왕십리,9-2,계단,,,,상대식
2,왕십리,208,하행,한양대,2-3,계단,,,,상대식
2,왕십리,208,하행,한양대,4-1,계단,,,,상대식
2,왕십리,208,하행,한양대,8-4,계단,,,,상대식
2,한양대,209,상행,왕십리,3-3,엘리베이터,0042-129,2F,왕십리 방면3-3,상대식
2,뚝섬,210,하행,성수,7-1,엘리베이터,0003-050,3F,성수 방면7-1,상대식
2,뚝섬,210,상행,한양대,7-1,엘리베이터,0003-051,3F,한양대 방면7-1,상대식
2,뚝섬,210,상행,한양대,2-4,계단,,,,상대식
2,뚝섬,210,상행,한양대,4-4,계단,,,,상대식
2,뚝섬,210,상행,한양대,7-1,계단,,,,상대식
2,뚝섬,210,상행,한양대,9-1,계단,,,,상대식
2,뚝섬,210,하행,성수,2-4,계단,,,,상대식
2,뚝섬,210,하행,성수,4-4,계단,,,,상대식
2,뚝섬,210,하행,성수,7-1,계단,,,,상대식
2,뚝섬,210,하행,성수,9-1,계단,,,,상대식
2,성수,211,상행,뚝섬,7-1,엘리베이터,0074-865,3F,뚝섬 방면7-1,복합식
2,성수,211,하행,건대입구,4-4,엘리베이터,0074-866,3F,건대입구 방면4-4,복합식
2,성수,211,상행,뚝섬,1-1,계단,,,,복합식
2,성수,211,상행,뚝섬,10-4,계단,,,,복합식
2,건대입구,212,상행,성수,5-4,엘리베이터,0108-564,3F,성수 방면5-4,상대식
2,건대입구,212,상행,성수,3-3,계단,,,,상대식
2,건대입구,212,상행,성수,4-3,계단,,,,상대식
2,건대입구,212,상행,성수,6-2,계단,,,,상대식
2,건대입구,212,하행,구의,5-2,계단,,,,상대식
2,건대입구,212,하행,구의,7-3,계단,,,,상대식
2,건대입구,212,하행,구의,8-3,계단,,,,상대식
2,구의,213,하행,강변,4-3,엘리베이터,0028-196,3F,강변 방면4-3,상대식
2,구의,213,상행,건대입구,3-4,계단,,,,상대식
2,구의,213,상행,건대입구,7-4,계단,,,,상대식
2,구의,213,하행,강변,3-4,계단,,,,상대식
2,구의,213,하행,강변,8-1,계단,,,,상대식
2,강변,214,하행,잠실나루,9-1,에스컬레이터,1811-789,2F,잠실나루 방면9-1,상대식
2,강변,214,하행,잠실나루,9-1,에스컬레이터,1811-788,2F,잠실나루 방면9-1,상대식
2,강변,214,상행,구의,4-2,엘리베이터,0093-166,2F,구의 방면4-2,상대식
2,강변,214,하행,잠실나루,7-3,엘리베이터,0093-167,2F,잠실나루 방면7-3,상대식
2,강변,214,상행,구의,3-2,계단,,,,상대식
2,강변,214,상행,구의,6-3,계단,,,,상대식
2,강변,214,상행,구의,8-4,계단,,,,상대식
2,강변,214,하행,잠실나루,3-1,계단,,,,상대식
2,강변,214,하행,잠실나루,5-2,계단,,,,상대식
2,강변,214,하행,잠실나루,8-3,계단,,,,상대식
2,잠실나루,215,하행,잠실,7-3,계단,,,,상대식
2,잠실나루,215,상행,강변,10-1,에스컬레이터,1809-597,2F,강변 방면10-1,상대식
2,잠실나루,215,하행,잠실,1-4,에스컬레이터,1809-598,2F,잠실 방면1-4,상대식
2,잠실나루,215,상행,강변,3-4,엘리베이터,0012-789,2F,강변 방면3-4,상대식
2,잠실나루,215,하행,잠실,8-1,엘리베이터,0012-790,2F,잠실 방면8-1,상대식
2,잠실나루,215,상행,강변,4-2,계단,,,,상대식
2,잠실나루,215,상행,강변,7-3,계단,,,,상대식
2,잠실나루,215,하행,잠실,4-2,계단,,,,상대식
2,잠실,216,상행,잠실나루,5-2,엘리베이터,0007-841,B2,잠실나루 방면5-2,상대식
2,잠실,216,상행,잠실나루,2-2,계단,,,,상대식
2,잠실,216,상행,잠실나루,7-3,계단,,,,상대식
2,잠실,216,하행,잠실새내,4-1,계단,,,,상대식
2,잠실,216,하행,잠실새내,5-4,계단,,,,상대식
2,잠실,216,하행,잠실새내,7-2,계단,,,,상대식
2,잠실,216,하행,잠실새내,9-1,계단,,,,상대식
2,잠실,216,하행,잠실새내,6-3,엘리베이터,0007-842,B2,잠실새내 방면6-3,상대식
2,잠실,216,하행,잠실새내,5-3,에스컬레이터,1812-958,B2,잠실새내 방면5-3,상대식
2,잠실,216,하행,잠실새내,5-3,에스컬레이터,1812-957,B2,잠실새내 방면5-3,상대식
2,잠실새내,217,상행,잠실,3-3,계단,,,,상대식
2,잠실새내,217,상행,잠실,5-2,계단,,,,상대식
2,잠실새내,217,상행,잠실,6-3,계단,,,,상대식
2,잠실새내,217,상행,잠실,8-2,계단,,,,상대식
2,잠실새내,217,하행,종합운동장,3-3,계단,,,,상대식
2,잠실새내,217,하행,종합운동장,5-3,계단,,,,상대식
2,잠실새내,217,하행,종합운동장,6-3,계단,,,,상대식
2,잠실새내,217,하행,종합운동장,8-2,계단,,,,상대식
2,잠실새내,217,상행,잠실,7-3,엘리베이터,0008-945,B2,잠실 방면7-3,상대식
2,잠실새내,217,하행,종합운동장,4-1,엘리베이터,0008-946,B2,종합운동장 방면4-1,상대식
2,종합운동장,218,상행,잠실새내,3-4,계단,,,,상대식
2,종합운동장,218,상행,잠실새내,5-4,계단,,,,상대식
2,종합운동장,218,상행,잠실새내,7-3,계단,,,,상대식
2,종합운동장,218,상행,잠실새내,9-3,계단,,,,상대식
2,종합운동장,218,하행,삼성,2-1,계단,,,,상대식
2,종합운동장,218,하행,삼성,4-1,계단,,,,상대식
2,종합운동장,218,하행,삼성,5-4,계단,,,,상대식
2,종합운동장,218,하행,삼성,7-4,계단,,,,상대식
2,종합운동장,218,상행,잠실새내,2-4,엘리베이터,0008-146,B2,잠실새내 방면2-4,상대식
2,종합운동장,218,하행,삼성,8-4,엘리베이터,0008-147,B2,삼성 방면8-4,상대식
2,삼성,219,상행,종합운동장,3-1,엘리베이터,0007-844,B2,"종합운동장 방면3-1, 선릉 방면8-4",섬식
2,삼성,219,하행,선릉,8-4,엘리베이터,0007-844,B2,"종합운동장 방면3-1, 선릉 방면8-4",섬식
2,삼성,219,상행,종합운동장,2-1,계단,,,,섬식
2,삼성,219,상행,종합운동장,3-3,계단,,,,섬식
2,삼성,219,상행,종합운동장,7-4,계단,,,,섬식
2,삼성,219,상행,종합운동장,9-2,계단,,,,섬식
2,삼성,219,하행,선릉,9-4,계단,,,,섬식
2,삼성,219,하행,선릉,8-2,계단,,,,섬식
2,삼성,219,하행,선릉,4-1,계단,,,,섬식
2,삼성,219,하행,선릉,2-3,계단,,,,섬식
2,선릉,220,상행,삼성,3-1,계단,,,,상대식
2,선릉,220,상행,삼성,4-3,계단,,,,상대식
2,선릉,220,상행,삼성,7-2,계단,,,,상대식
2,선릉,220,상행,삼성,8-4,계단,,,,상대식
2,선릉,220,하행,역삼,3-1,계단,,,,상대식
2,선릉,220,하행,역삼,4-3,계단,,,,상대식
2,선릉,220,하행,역삼,7-2,계단,,,,상대식
2,선릉,220,하행,역삼,8-4,계단,,,,상대식
2,역삼,221,상행,선릉,7-3,엘리베이터,0075-561,B3,선릉 방면7-3,상대식
2,역삼,221,하행,강남,4-1,엘리베이터,0075-562,B3,강남 방면4-1,상대식
2,역삼,221,상행,선릉,3-2,계단,,,,상대식
2,역삼,221,상행,선릉,5-2,계단,,,,상대식
2,역삼,221,상행,선릉,7-4,계단,,,,상대식
2,역삼,221,상행,선릉,9-4,계단,,,,상대식
2,역삼,221,하행,강남,2-1,계단,,,,상대식
2,역삼,221,하행,강남,4-1,계단,,,,상대식
2,역삼,221,하행,강남,6-3,계단,,,,상대식
2,역삼,221,하행,강남,8-3,계단,,,,상대식
2,강남,222,상행,역삼,8-1,엘리베이터,0087-544,B2,역삼 방면8-1,상대식
2,강남,222,하행,교대,3-4,엘리베이터,0087-545,B2,교대 방면3-4,상대식
2,강남,222,상행,역삼,2-4,계단,,,,상대식
2,강남,222,상행,역삼,4-3,계단,,,,상대식
2,강남,222,상행,역삼,7-3,계단,,,,상대식
2,강남,222,상행,역삼,9-2,계단,,,,상대식
2,강남,222,하행,교대,2-3,계단,,,,상대식
2,강남,222,하행,교대,4-2,계단,,,,상대식
2,강남,222,하행,교대,7-2,계단,,,,상대식
2,강남,222,하행,교대,9-1,계단,,,,상대식
2,교대,223,상행,강남,1-4,계단,,,,상대식
2,교대,223,상행,강남,3-4,계단,,,,상대식
2,교대,223,상행,강남,8-2,계단,,,,상대식
2,교대,223,상행,강남,9-4,계단,,,,상대식
2,교대,223,하행,서초,10-1,계단,,,,상대식
2,교대,223,하행,서초,2-1,계단,,,,상대식
2,교대,223,하행,서초,3-3,계단,,,,상대식
2,교대,223,하행,서초,8-1,계단,,,,상대식
2,교대,223,상행,강남,8-4,엘리베이터,0008-151,B2,강남 방면8-4,상대식
2,교대,223,하행,서초,3-1,엘리베이터,0008-152,B2,서초 방면3-1,상대식
2,서초,224,상행,교대,2-4,엘리베이터,0008-943,B2,교대 방면2-4,상대식
2,서초,224,상행,교대,2-2,계단,,,,상대식
2,서초,224,상행,교대,4-1,계단,,,,상대식
2,서초,224,상행,교대,8-1,계단,,,,상대식
2,서초,224,하행,방배,9-1,엘리베이터,0008-944,B2,방배 방면9-1,상대식
2,서초,224,상행,교대,9-1,계단,,,,상대식
2,서초,224,하행,방배,1-4,계단,,,,상대식
2,서초,224,하행,방배,3-3,계단,,,,상대식
2,서초,224,하행,방배,7-3,계단,,,,상대식
2,서초,224,하행,방배,9-2,계단,,,,상대식
2,방배,225,상행,서초,2-1,계단,,,,상대식
2,방배,225,상행,서초,4-1,계단,,,,상대식
2,방배,225,상행,서초,7-2,계단,,,,상대식
2,방배,225,상행,서초,9-1,계단,,,,상대식
2,방배,225,하행,사당,9-3,계단,,,,상대식
2,방배,225,상행,서초,8-3,엘리베이터,0008-947,B2,서초 방면8-3,상대식
2,방배,225,하행,사당,3-1,엘리베이터,0008-948,B2,사당 방면3-1,상대식
2,사당,226,상행,방배,3-3,계단,,,,상대식
2,사당,226,상행,방배,8-1,계단,,,,상대식
2,사당,226,하행,낙성대,3-3,계단,,,,상대식
2,사당,226,하행,낙성대,8-1,계단,,,,상대식
2,사당,226,상행,방배,3-3,에스컬레이터,1804-019,B2,방배 방면3-3,상대식
2,사당,226,상행,방배,3-3,에스컬레이터,1804-274,B2,방배 방면3-3,상대식
2,사당,226,상행,방배,8-1,에스컬레이터,1804-020,B2,방배 방면8-1,상대식
2,사당,226,상행,방배,8-1,에스컬레이터,1804-276,B2,방배 방면8-1,상대식
2,사당,226,하행,낙성대,3-3,에스컬레이터,1804-275,B2,낙성대 방면3-3,상대식
2,사당,226,하행,낙성대,3-3,에스컬레이터,1804-021,B2,낙성대 방면3-3,상대식
2,사당,226,하행,낙성대,8-1,에스컬레이터,1804-277,B2,낙성대 방면8-1,상대식
2,사당,226,하행,낙성대,8-1,에스컬레이터,1804-022,B2,낙성대 방면8-1,상대식
2,사당,226,상행,방배,4-4,엘리베이터,0091-437,B2,방배 방면4-4,상대식
2,낙성대,227,상행,사당,8-2,엘리베이터,0020-064,B2,사당 방면8-2,상대식
2,낙성대,227,상행,사당,2-3,계단,,,,상대식
2,낙성대,227,상행,사당,4-2,계단,,,,상대식
2,낙성대,227,상행,사당,7-4,계단,,,,상대식
2,낙성대,227,상행,사당,9-2,계단,,,,상대식
2,낙성대,227,하행,서울대입구,2-3,계단,,,,상대식
2,낙성대,227,하행,서울대입구,4-1,계단,,,,상대식
2,낙성대,227,하행,서울대입구,3-3,엘리베이터,0020-065,B2,서울대입구 방면3-3,상대식
2,낙성대,227,하행,서울대입구,7-3,계단,,,,상대식
2,낙성대,227,하행,서울대입구,9-2,계단,,,,상대식
2,서울대입구,228,상행,낙성대,2-4,에스컬레이터,1803-446,B2,"봉천 방면8-4, 낙성대 방면2-4",섬식
2,서울대입구,228,상행,낙성대,5-3,에스컬레이터,1803-447,B2,"봉천 방면6-2, 낙성대 방면5-3",섬식
2,서울대입구,228,상행,낙성대,5-3,에스컬레이터,1803-448,B2,"봉천 방면6-2, 낙성대 방면5-3",섬식
2,서울대입구,228,상행,낙성대,8-4,에스컬레이터,1803-449,B2,"봉천 방면2-4, 낙성대 방면8-4",섬식
2,서울대입구,228,상행,낙성대,6-3,엘리베이터,0020-839,B2,"봉천 방면5-2, 낙성대 방면6-3",섬식
2,서울대입구,228,하행,봉천,8-1,계단,,,,섬식
2,서울대입구,228,하행,봉천,4-1,계단,,,,섬식
2,서울대입구,228,상행,낙성대,3-4,계단,,,,섬식
2,서울대입구,228,상행,낙성대,7-4,계단,,,,섬식
2,서울대입구,228,하행,봉천,8-4,에스컬레이터,1803-446,B2,"봉천 방면8-4, 낙성대 방면2-4",섬식
2,서울대입구,228,하행,봉천,6-2,에스컬레이터,1803-447,B2,"봉천 방면6-2, 낙성대 방면5-3",섬식
2,서울대입구,228,하행,봉천,6-2,에스컬레이터,1803-448,B2,"봉천 방면6-2, 낙성대 방면5-3",섬식
2,서울대입구,228,하행,봉천,2-4,에스컬레이터,1803-449,B2,"봉천 방면2-4, 낙성대 방면8-4",섬식
2,서울대입구,228,하행,봉천,5-2,엘리베이터,0020-839,B2,"봉천 방면5-2, 낙성대 방면6-3",섬식
2,봉천,229,하행,신림,5-1,엘리베이터,0060-936,B2,"서울대입구 방면6-3, 신림 방면5-1",섬식
2,봉천,229,하행,신림,5-3,에스컬레이터,1807-210,B2,"서울대입구 방면6-2, 신림 방면5-3",섬식
2,봉천,229,하행,신림,6-2,에스컬레이터,1807-211,B2,"서울대입구 방면5-3, 신림 방면6-2",섬식
2,봉천,229,하행,신림,9-1,계단,,,,섬식
2,봉천,229,하행,신림,7-1,계단,,,,섬식
2,봉천,229,하행,신림,4-4,계단,,,,섬식
2,봉천,229,하행,신림,3-1,계단,,,,섬식
2,봉천,229,상행,서울대입구,2-4,계단,,,,섬식
2,봉천,229,상행,서울대입구,4-4,계단,,,,섬식
2,봉천,229,상행,서울대입구,7-1,계단,,,,섬식
2,봉천,229,상행,서울대입구,8-4,계단,,,,섬식
2,봉천,229,상행,서울대입구,6-3,엘리베이터,0060-936,B2,"서울대입구 방면6-3, 신림 방면5-1",섬식
2,봉천,229,상행,서울대입구,6-2,에스컬레이터,1807-210,B2,"서울대입구 방면6-2, 신림 방면5-3",섬식
2,봉천,229,상행,서울대입구,5-3,에스컬레이터,1807-211,B2,"서울대입구 방면5-3, 신림 방면6-2",섬식
2,신림,230,상행,봉천,4-4,엘리베이터,0019-759,B2,"신대방 방면7-1, 봉천 방면4-4",섬식
2,신림,230,하행,신대방,9-2,계단,,,,섬식
2,신림,230,하행,신대방,7-3,계단,,,,섬식
2,신림,230,하행,신대방,5-3,계단,,,,섬식
2,신림,230,하행,신대방,3-4,계단,,,,섬식
2,신림,230,상행,봉천,2-3,계단,,,,섬식
2,신림,230,상행,봉천,4-2,계단,,,,섬식
2,신림,230,상행,봉천,6-2,계단,,,,섬식
2,신림,230,상행,봉천,8-1,계단,,,,섬식
2,신림,230,하행,신대방,7-1,엘리베이터,0019-759,B2,"신대방 방면7-1, 봉천 방면4-4",섬식
2,신대방,231,하행,구로디지털단지,8-1,엘리베이터,0020-956,3F,구로디지털단지 방면8-1,상대식
2,신대방,231,상행,신림,1-2,계단,,,,상대식
2,신대방,231,상행,신림,9-1,계단,,,,상대식
2,신대방,231,하행,구로디지털단지,10-3,계단,,,,상대식
2,신대방,231,하행,구로디지털단지,2-3,계단,,,,상대식
2,신대방,231,상행,신림,4-3,에스컬레이터,1803-536,3F,신림 방면4-3,상대식
2,신대방,231,상행,신림,4-3,에스컬레이터,1803-537,3F,신림 방면4-3,상대식
2,신대방,231,상행,신림,8-3,에스컬레이터,1803-538,3F,신림 방면8-3,상대식
2,신대방,231,상행,신림,8-3,에스컬레이터,1803-539,3F,신림 방면8-3,상대식
2,신대방,231,하행,구로디지털단지,3-1,에스컬레이터,1803-540,3F,구로디지털단지 방면3-1,상대식
2,신대방,231,하행,구로디지털단지,3-1,에스컬레이터,1803-541,3F,구로디지털단지 방면3-1,상대식
2,신대방,231,하행,구로디지털단지,7-1,에스컬레이터,1803-542,3F,구로디지털단지 방면7-1,상대식
2,신대방,231,상행,신림,3-4,엘리베이터,0020-955,3F,신림 방면3-4,상대식
2,신대방,231,하행,구로디지털단지,7-1,에스컬레이터,1803-543,3F,구로디지털단지 방면7-1,상대식
2,구로디지털단지,232,상행,신대방,3-1,계단,,,,상대식
2,구로디지털단지,232,상행,신대방,5-2,계단,,,,상대식
2,구로디지털단지,232,상행,신대방,6-4,계단,,,,상대식
2,구로디지털단지,232,상행,신대방,9-1,계단,,,,상대식
2,구로디지털단지,232,하행,대림,2-3,계단,,,,상대식
2,구로디지털단지,232,하행,대림,4-4,계단,,,,상대식
2,구로디지털단지,232,하행,대림,6-2,계단,,,,상대식
2,구로디지털단지,232,하행,대림,8-3,계단,,,,상대식
2,구로디지털단지,232,상행,신대방,3-4,엘리베이터,0019-757,3F,신대방 방면3-4,상대식
2,구로디지털단지,232,하행,대림,7-4,엘리베이터,0019-758,3F,대림 방면7-4,상대식
2,대림,233,하행,신도림,8-3,엘리베이터,0060-927,3F,신도림 방면8-3,상대식
2,대림,233,상행,구로디지털단지,2-1,계단,,,,상대식
2,대림,233,상행,구로디지털단지,4-1,계단,,,,상대식
2,대림,233,상행,구로디지털단지,7-4,계단,,,,상대식
2,대림,233,상행,구로디지털단지,7-4,계단,,,,상대식
2,대림,233,하행,신도림,2-1,계단,,,,상대식
2,대림,233,하행,신도림,4-1,계단,,,,상대식
2,대림,233,하행,신도림,9-3,계단,,,,상대식
2,대림,233,하행,신도림,9-3,계단,,,,상대식
2,대림,233,상행,구로디지털단지,3-2,엘리베이터,0060-928,3F,구로디지털단지 방면3-2,상대식
2,신도림,234,하행,문래,4-1,에스컬레이터,1807-302,B2,문래 방면4-1,복합식
2,신도림,234,하행,문래,7-4,엘리베이터,0085-969,B2,"대림 방면4-4, 문래 방면7-4",복합식
2,신도림,234,상행,대림,2-2,계단,,,,복합식
2,신도림,234,상행,대림,6-2,계단,,,,복합식
2,신도림,234,상행,대림,6-4,계단,,,,복합식
2,신도림,234,상행,대림,9-2,계단,,,,복합식
2,신도림,234,상행,대림,4-4,엘리베이터,0085-969,B2,"대림 방면4-4, 문래 방면7-4",복합식
2,신도림,234,상행,대림,3-2,엘리베이터,0098-197,B2,대림 방면3-2,복합식
2,신도림,234,상행,대림,4-2,에스컬레이터,1808-850,B2,대림 방면4-2,복합식
2,신도림,234,상행,대림,4-2,에스컬레이터,1808-849,B2,대림 방면4-2,복합식
2,신도림,234,상행,대림,5-1,에스컬레이터,1808-848,B2,대림 방면5-1,복합식
2,신도림,234,상행,대림,5-1,에스컬레이터,1808-847,B2,대림 방면5-1,복합식
2,신도림,234,상행,대림,7-3,에스컬레이터,1808-846,B2,대림 방면7-3,복합식
2,신도림,234,상행,대림,7-3,에스컬레이터,1808-845,B2,대림 방면7-3,복합식
2,신도림,234,상행,대림,7-3,에스컬레이터,1803-777,B2,대림 방면7-3,복합식
2,신도림,234,상행,대림,7-3,에스컬레이터,1803-776,B2,대림 방면7-3,복합식
2,문래,235,상행,신도림,7-4,엘리베이터,0021-258,B2,신도림 방면7-4,상대식
2,문래,235,하행,영등포구청,4-1,엘리베이터,0021-259,B2,영등포구청 방면4-1,상대식
2,문래,235,상행,신도림,3-1,계단,,,,상대식
2,문래,235,상행,신도림,4-3,계단,,,,상대식
2,문래,235,상행,신도림,7-4,계단,,,,상대식
2,문래,235,상행,신도림,9-2,계단,,,,상대식
2,문래,235,하행,영등포구청,2-3,계단,,,,상대식
2,문래,235,하행,영등포구청,4-1,계단,,,,상대식
2,문래,235,하행,영등포구청,7-2,계단,,,,상대식
2,문래,235,하행,영등포구청,8-4,계단,,,,상대식
2,영등포구청,236,상행,문래,8-4,엘리베이터,0021-255,B2,문래 방면8-4,상대식
2,영등포구청,236,하행,당산,3-1,엘리베이터,0021-256,B2,당산 방면3-1,상대식
2,영등포구청,236,상행,문래,2-3,계단,,,,상대식
2,영등포구청,236,상행,문래,4-2,계단,,,,상대식
2,영등포구청,236,상행,문래,7-4,계단,,,,상대식
2,영등포구청,236,상행,문래,9-3,계단,,,,상대식
2,영등포구청,236,하행,당산,3-1,계단,,,,상대식
2,영등포구청,236,하행,당산,7-4,계단,,,,상대식
2,영등포구청,236,하행,당산,9-3,계단,,,,상대식
2,당산,237,상행,영등포구청,8-3,엘리베이터,0020-068,3F,영등포구청 방면8-3,상대식
2,당산,237,하행,합정,3-2,엘리베이터,0020-069,3F,합정 방면3-2,상대식
2,당산,237,상행,영등포구청,3-1,계단,,,,상대식
2,당산,237,상행,영등포구청,4-4,계단,,,,상대식
2,당산,237,상행,영등포구청,8-4,계단,,,,상대식
2,당산,237,하행,합정,3-1,계단,,,,상대식
2,당산,237,하행,합정,7-1,계단,,,,상대식
2,당산,237,하행,합정,8-4,계단,,,,상대식
2,합정,238,하행,홍대입구,7-3,엘리베이터,0042-092,B2,홍대입구 방면7-3,상대식
2,합정,238,상행,당산,4-1,에스컬레이터,1800-427,B2,당산 방면4-1,상대식
2,합정,238,하행,홍대입구,7-3,에스컬레이터,1800-428,B2,홍대입구 방면7-3,상대식
2,합정,238,상행,당산,2-4,계단,,,,상대식
2,합정,238,상행,당산,4-4,계단,,,,상대식
2,합정,238,상행,당산,7-3,계단,,,,상대식
2,합정,238,상행,당산,9-1,계단,,,,상대식
2,합정,238,하행,홍대입구,4-1,계단,,,,상대식
2,합정,238,하행,홍대입구,7-1,계단,,,,상대식
2,합정,238,하행,홍대입구,8-4,계단,,,,상대식
2,합정,238,상행,당산,4-1,엘리베이터,0073-427,B2,당산 방면4-1,상대식
2,홍대입구,239,하행,신촌,4-3,엘리베이터,0102-349,B2,"합정 방면7-2, 신촌 방면4-3",섬식
2,홍대입구,239,상행,합정,4-2,에스컬레이터,1800-425,B2,"신촌 방면7-3, 합정 방면4-2",섬식
2,홍대입구,239,하행,신촌,7-4,에스컬레이터,1800-426,B2,"합정 방면4-1, 신촌 방면7-4",섬식
2,홍대입구,239,하행,신촌,7-3,에스컬레이터,1800-425,B2,"신촌 방면7-3, 합정 방면4-2",섬식
2,홍대입구,239,상행,합정,4-1,에스컬레이터,1800-426,B2,"합정 방면4-1, 신촌 방면7-4",섬식
2,홍대입구,239,상행,합정,7-2,엘리베이터,0102-349,B2,"합정 방면7-2, 신촌 방면4-3",섬식
2,신촌,240,상행,홍대입구,6-4,엘리베이터,0102-373,B2,홍대입구 방면6-4,상대식
2,신촌,240,하행,이대,4-4,엘리베이터,0102-374,B2,이대 방면4-4,상대식
2,신촌,240,상행,홍대입구,3-4,계단,,,,상대식
2,신촌,240,상행,홍대입구,5-3,계단,,,,상대식
2,신촌,240,상행,홍대입구,6-1,계단,,,,상대식
2,신촌,240,상행,홍대입구,7-4,계단,,,,상대식
2,신촌,240,하행,이대,4-1,계단,,,,상대식
2,신촌,240,하행,이대,5-4,계단,,,,상대식
2,신촌,240,하행,이대,6-2,계단,,,,상대식
2,신촌,240,하행,이대,8-1,계단,,,,상대식
2,이대,241,하행,아현,9-3,엘리베이터,0102-372,B2,"신촌 방면2-2, 아현 방면9-3",섬식
2,이대,241,상행,신촌,2-2,에스컬레이터,1800-770,B2,"아현 방면9-3, 신촌 방면2-2",섬식
2,이대,241,하행,아현,9-3,에스컬레이터,1800-771,B2,"신촌 방면2-2, 아현 방면9-3",섬식
2,이대,241,상행,신촌,9-3,에스컬레이터,1800-772,B2,"아현 방면2-2, 신촌 방면9-3",섬식
2,이대,241,하행,아현,2-2,에스컬레이터,1800-759,B2,"신촌 방면9-3, 아현 방면2-2",섬식
2,이대,241,하행,아현,9-3,계단,,,,섬식
2,이대,241,하행,아현,9-3,에스컬레이터,1800-770,B2,"아현 방면9-3, 신촌 방면2-2",섬식
2,이대,241,상행,신촌,2-2,에스컬레이터,1800-771,B2,"신촌 방면2-2, 아현 방면9-3",섬식
2,이대,241,하행,아현,2-2,에스컬레이터,1800-772,B2,"아현 방면2-2, 신촌 방면9-3",섬식
2,이대,241,상행,신촌,9-3,에스컬레이터,1800-759,B2,"신촌 방면9-3, 아현 방면2-2",섬식
2,이대,241,상행,신촌,2-2,계단,,,,섬식
2,이대,241,상행,신촌,2-2,엘리베이터,0102-372,B2,"신촌 방면2-2, 아현 방면9-3",섬식
2,아현,242,상행,이대,7-2,엘리베이터,0102-369,B2,이대 방면7-2,상대식
2,아현,242,하행,충정로,4-3,엘리베이터,0102-370,B2,충정로 방면4-3,상대식
2,아현,242,상행,이대,3-2,계단,,,,상대식
2,아현,242,상행,이대,5-1,계단,,,,상대식
2,아현,242,상행,이대,7-4,계단,,,,상대식
2,아현,242,상행,이대,9-3,계단,,,,상대식
2,아현,242,하행,충정로,2-2,계단,,,,상대식
2,아현,242,하행,충정로,4-1,계단,,,,상대식
2,아현,242,하행,충정로,6-4,계단,,,,상대식
2,아현,242,하행,충정로,8-3,계단,,,,상대식
2,충정로,243,하행,시청,9-4,엘리베이터,0039-953,B3,"아현 방면2-1, 시청 방면9-4",섬식
2,충정로,243,상행,아현,4-4,에스컬레이터,1809-482,B2,"시청 방면7-1, 아현 방면4-4",섬식
2,충정로,243,하행,시청,7-1,에스컬레이터,1809-483,B2,"아현 방면4-4, 시청 방면7-1",섬식
2,충정로,243,하행,시청,9-4,계단,,,,섬식
2,충정로,243,하행,시청,8-1,계단,,,,섬식
2,충정로,243,하행,시청,2-4,계단,,,,섬식
2,충정로,243,하행,시청,7-1,에스컬레이터,1809-482,B2,"시청 방면7-1, 아현 방면4-4",섬식
2,충정로,243,상행,아현,4-4,에스컬레이터,1809-483,B2,"아현 방면4-4, 시청 방면7-1",섬식
2,충정로,243,상행,아현,2-1,계단,,,,섬식
2,충정로,243,상행,아현,3-4,계단,,,,섬식
2,충정로,243,상행,아현,9-1,계단,,,,섬식
2,충정로,243,상행,아현,2-1,엘리베이터,0039-953,B3,"아현 방면2-1, 시청 방면9-4",섬식
2,용답,211-1,상행,신답,2-3,계단,,,,상대식
2,용답,211-1,하행,성수,3-2,계단,,,,상대식
2,용답,211-1,상행,신답,2-2,엘리베이터,0158-589,2F,신답 방면2-2,상대식
2,용답,211-1,하행,성수,3-3,엘리베이터,0158-588,2F,성수 방면3-3,상대식
2,신답,211-2,하행,용답,3-2,엘리베이터,0104-461,1F,용답 방면3-2,상대식
2,신답,211-2,상행,용두,2-4,엘리베이터,0039-326,1F,용두 방면2-4,상대식
2,신답,211-2,상행,용두,3-2,계단,,,,상대식
2,신답,211-2,하행,용답,3-1,계단,,,,상대식
2,신설동,211-4,하행,용두,1-1,계단,,,,상대식
2,신설동,211-4,상행,신설동,4-4,엘리베이터,0027-703,B2,신설동 방면4-4,상대식
2,도림천,234-1,상행,신도림,4-4,엘리베이터,0022-597,B3,신도림 방면4-4,상대식
2,도림천,234-1,하행,양천구청,2-4,엘리베이터,0022-596,B3,양천구청 방면2-4,상대식
2,도림천,234-1,상행,신도림,2-2,계단,,,,상대식
2,도림천,234-1,상행,신도림,4-1,계단,,,,상대식
2,도림천,234-1,하행,양천구청,3-4,계단,,,,상대식
2,도림천,234-1,하행,양천구청,5-3,계단,,,,상대식
2,양천구청,234-2,하행,신정네거리,4-1,엘리베이터,0020-959,B2,신정네거리 방면4-1,상대식
2,양천구청,234-2,상행,도림천,3-3,엘리베이터,0020-960,B2,도림천 방면3-3,상대식
2,양천구청,234-2,상행,도림천,2-3,계단,,,,상대식
2,양천구청,234-2,상행,도림천,5-1,계단,,,,상대식
2,양천구청,234-2,하행,신정네거리,2-3,계단,,,,상대식
2,양천구청,234-2,하행,신정네거리,5-1,계단,,,,상대식
2,신정네거리,234-3,하행,까치산,4-1,엘리베이터,0060-930,B3,까치산 방면4-1,상대식
2,신정네거리,234-3,상행,양천구청,3-4,엘리베이터,0060-931,B3,양천구청 방면3-4,상대식
2,신정네거리,234-3,상행,양천구청,3-1,계단,,,,상대식
2,신정네거리,234-3,상행,양천구청,5-1,계단,,,,상대식
2,신정네거리,234-3,하행,까치산,2-3,계단,,,,상대식
2,신정네거리,234-3,하행,까치산,4-4,계단,,,,상대식
2,용두,211-3,상행,신설동,2-4,에스컬레이터,1809-045,B1,신설동 방면2-4,상대식
2,용두,211-3,하행,신답,3-1,에스컬레이터,1809-046,B1,신답 방면3-1,상대식
2,용두,211-3,상행,신설동,4-3,엘리베이터,0054-021,B1,신설동 방면4-3,상대식
2,용두,211-3,상행,신설동,3-1,계단,,,,상대식
2,용두,211-3,하행,신답,2-4,계단,,,,상대식
2,용두,211-3,하행,신답,1-1,엘리베이터,0054-022,B1,신답 방면1-1,상대식
3,지축,319,하행,구파발,2-2,엘리베이터,2040-730,2F,"삼송 방면9-3, 구파발 방면2-2",섬식
3,지축,319,하행,구파발,7-3,계단,,,,섬식
3,지축,319,하행,구파발,3-4,계단,,,,섬식
3,지축,319,상행,삼송,9-3,엘리베이터,2040-730,2F,"삼송 방면9-3, 구파발 방면2-2",섬식
3,지축,319,상행,삼송,4-2,계단,,,,섬식
3,지축,319,상행,삼송,8-1,계단,,,,섬식
3,구파발,320,하행,연신내,6-2,엘리베이터,0081-259,B2,"지축 방면5-3, 연신내 방면6-2",섬식
3,구파발,320,하행,연신내,9-4,계단,,,,섬식
3,구파발,320,하행,연신내,5-2,계단,,,,섬식
3,구파발,320,하행,연신내,2-2,계단,,,,섬식
3,구파발,320,상행,지축,2-1,계단,,,,섬식
3,구파발,320,상행,지축,6-3,계단,,,,섬식
3,구파발,320,상행,지축,9-3,계단,,,,섬식
3,구파발,320,상행,지축,5-3,엘리베이터,0081-259,B2,"지축 방면5-3, 연신내 방면6-2",섬식
3,연신내,321,하행,불광,5-4,엘리베이터,0102-345,B2,"구파발 방면6-1, 불광 방면5-4",섬식
3,연신내,321,하행,불광,10-2,계단,,,,섬식
3,연신내,321,하행,불광,6-4,계단,,,,섬식
3,연신내,321,하행,불광,5-1,계단,,,,섬식
3,연신내,321,하행,불광,2-2,계단,,,,섬식
3,연신내,321,상행,구파발,6-1,엘리베이터,0102-345,B2,"구파발 방면6-1, 불광 방면5-4",섬식
3,연신내,321,상행,구파발,1-3,계단,,,,섬식
3,연신내,321,상행,구파발,5-1,계단,,,,섬식
3,연신내,321,상행,구파발,6-4,계단,,,,섬식
3,연신내,321,상행,구파발,9-3,계단,,,,섬식
3,불광,322,상행,연신내,3-3,엘리베이터,0039-994,B2,연신내 방면3-3,상대식
3,불광,322,하행,녹번,8-2,엘리베이터,0002-833,B2,녹번 방면8-2,상대식
3,불광,322,상행,연신내,2-4,계단,,,,상대식
3,불광,322,상행,연신내,4-2,계단,,,,상대식
3,불광,322,상행,연신내,7-1,계단,,,,상대식
3,불광,322,상행,연신내,8-4,계단,,,,상대식
3,불광,322,하행,녹번,3-1,계단,,,,상대식
3,불광,322,하행,녹번,4-3,계단,,,,상대식
3,불광,322,하행,녹번,7-3,계단,,,,상대식
3,불광,322,하행,녹번,9-1,계단,,,,상대식
3,녹번,323,하행,홍제,8-4,엘리베이터,0102-399,B2,"불광 방면3-1, 홍제 방면8-4",섬식
3,녹번,323,상행,불광,3-1,엘리베이터,0102-399,B2,"불광 방면3-1, 홍제 방면8-4",섬식
3,녹번,323,하행,홍제,9-4,계단,,,,섬식
3,녹번,323,하행,홍제,8-1,계단,,,,섬식
3,녹번,323,하행,홍제,4-3,계단,,,,섬식
3,녹번,323,하행,홍제,2-4,계단,,,,섬식
3,녹번,323,상행,불광,2-1,계단,,,,섬식
3,녹번,323,상행,불광,3-4,계단,,,,섬식
3,녹번,323,상행,불광,7-2,계단,,,,섬식
3,녹번,323,상행,불광,9-1,계단,,,,섬식
3,홍제,324,하행,무악재,8-1,엘리베이터,0102-346,B3,"녹번 방면3-4, 무악재 방면8-1",섬식
3,홍제,324,상행,녹번,3-4,엘리베이터,0102-346,B3,"녹번 방면3-4, 무악재 방면8-1",섬식
3,홍제,324,하행,무악재,8-4,계단,,,,섬식
3,홍제,324,하행,무악재,7-1,계단,,,,섬식
3,홍제,324,하행,무악재,5-1,계단,,,,섬식
3,홍제,324,하행,무악재,3-1,계단,,,,섬식
3,홍제,324,상행,녹번,3-1,계단,,,,섬식
3,홍제,324,상행,녹번,4-4,계단,,,,섬식
3,홍제,324,상행,녹번,6-4,계단,,,,섬식
3,홍제,324,상행,녹번,8-4,계단,,,,섬식
3,무악재,325,상행,홍제,3-3,엘리베이터,0082-061,B3,홍제 방면3-3,상대식
3,무악재,325,하행,독립문,8-2,엘리베이터,0082-062,B3,독립문 방면8-2,상대식
3,무악재,325,상행,홍제,2-4,계단,,,,상대식
3,무악재,325,상행,홍제,4-4,계단,,,,상대식
3,무악재,325,상행,홍제,7-1,계단,,,,상대식
3,무악재,325,상행,홍제,9-1,계단,,,,상대식
3,무악재,325,하행,독립문,2-4,계단,,,,상대식
3,무악재,325,하행,독립문,4-4,계단,,,,상대식
3,무악재,325,하행,독립문,7-1,계단,,,,상대식
3,무악재,325,하행,독립문,9-1,계단,,,,상대식
3,독립문,326,하행,경복궁,7-1,에스컬레이터,1800-879,B3,"무악재 방면4-4, 경복궁 방면7-1",섬식
3,독립문,326,하행,경복궁,4-1,에스컬레이터,1800-898,B3,"무악재 방면7-4, 경복궁 방면4-1",섬식
3,독립문,326,하행,경복궁,2-4,엘리베이터,0039-996,B3,"무악재 방면9-1, 경복궁 방면2-4",섬식
3,독립문,326,상행,무악재,4-4,에스컬레이터,1800-879,B3,"무악재 방면4-4, 경복궁 방면7-1",섬식
3,독립문,326,상행,무악재,7-4,에스컬레이터,1800-898,B3,"무악재 방면7-4, 경복궁 방면4-1",섬식
3,독립문,326,하행,경복궁,9-1,계단,,,,섬식
3,독립문,326,하행,경복궁,7-1,계단,,,,섬식
3,독립문,326,하행,경복궁,4-1,계단,,,,섬식
3,독립문,326,상행,무악재,9-1,엘리베이터,0039-996,B3,"무악재 방면9-1, 경복궁 방면2-4",섬식
3,독립문,326,상행,무악재,2-4,계단,,,,섬식
3,독립문,326,상행,무악재,4-4,계단,,,,섬식
3,독립문,326,상행,무악재,7-4,계단,,,,섬식
3,경복궁,327,하행,안국,9-1,에스컬레이터,1800-308,B3,"독립문 방면2-4, 안국 방면9-1",섬식
3,경복궁,327,상행,독립문,8-3,에스컬레이터,1800-003,B3,"안국 방면3-2, 독립문 방면8-3",섬식
3,경복궁,327,상행,독립문,8-3,에스컬레이터,1800-004,B3,"안국 방면3-2, 독립문 방면8-3",섬식
3,경복궁,327,하행,안국,5-3,엘리베이터,0000-388,B3,"독립문 방면6-2, 안국 방면5-3",섬식
3,경복궁,327,상행,독립문,2-4,에스컬레이터,1800-315,B3,"안국 방면9-1, 독립문 방면2-4",섬식
3,경복궁,327,하행,안국,9-1,에스컬레이터,1800-315,B3,"안국 방면9-1, 독립문 방면2-4",섬식
3,경복궁,327,상행,독립문,2-4,에스컬레이터,1800-308,B3,"독립문 방면2-4, 안국 방면9-1",섬식
3,경복궁,327,하행,안국,3-2,에스컬레이터,1800-003,B3,"안국 방면3-2, 독립문 방면8-3",섬식
3,경복궁,327,하행,안국,3-2,에스컬레이터,1800-004,B3,"안국 방면3-2, 독립문 방면8-3",섬식
3,경복궁,327,상행,독립문,6-2,엘리베이터,0000-388,B3,"독립문 방면6-2, 안국 방면5-3",섬식
3,경복궁,327,하행,안국,6-4,계단,,,,섬식
3,경복궁,327,하행,안국,4-4,계단,,,,섬식
3,경복궁,327,상행,독립문,5-1,계단,,,,섬식
3,경복궁,327,상행,독립문,7-1,계단,,,,섬식
3,안국,328,하행,종로3가,8-3,엘리베이터,0000-591,B3,"경복궁 방면3-2, 종로3가 방면8-3",섬식
3,안국,328,상행,경복궁,4-3,에스컬레이터,1801-132,B3,"종로3가 방면7-2, 경복궁 방면4-3",섬식
3,안국,328,하행,종로3가,7-2,에스컬레이터,1801-133,B3,"경복궁 방면4-3, 종로3가 방면7-2",섬식
3,안국,328,상행,경복궁,7-1,에스컬레이터,1801-134,B3,"종로3가 방면4-4, 경복궁 방면7-1",섬식
3,안국,328,하행,종로3가,4-4,에스컬레이터,1801-135,B3,"경복궁 방면7-1, 종로3가 방면4-4",섬식
3,안국,328,하행,종로3가,9-3,계단,,,,섬식
3,안국,328,하행,종로3가,2-3,계단,,,,섬식
3,안국,328,하행,종로3가,7-2,에스컬레이터,1801-132,B3,"종로3가 방면7-2, 경복궁 방면4-3",섬식
3,안국,328,상행,경복궁,4-3,에스컬레이터,1801-133,B3,"경복궁 방면4-3, 종로3가 방면7-2",섬식
3,안국,328,하행,종로3가,4-4,에스컬레이터,1801-134,B3,"종로3가 방면4-4, 경복궁 방면7-1",섬식
3,안국,328,상행,경복궁,7-1,에스컬레이터,1801-135,B3,"경복궁 방면7-1, 종로3가 방면4-4",섬식
3,안국,328,상행,경복궁,3-2,엘리베이터,0000-591,B3,"경복궁 방면3-2, 종로3가 방면8-3",섬식
3,안국,328,상행,경복궁,2-2,계단,,,,섬식
3,안국,328,상행,경복궁,9-2,계단,,,,섬식
3,종로3가,329,상행,안국,10-4,에스컬레이터,1800-338,B4,"환승통로(을지로3가 방면1-1, 안국 방면10-4)",섬식
3,종로3가,329,상행,안국,10-4,에스컬레이터,1800-339,B4,"환승통로(을지로3가 방면1-1, 안국 방면10-4)",섬식
3,종로3가,329,하행,을지로3가,2-4,에스컬레이터,1800-084,B4,"환승통로(안국 방면9-1, 을지로3가 방면2-4)",섬식
3,종로3가,329,하행,을지로3가,7-1,엘리베이터,0125-744,B4,"안국 방면4-3, 을지로3가 방면7-1",섬식
3,종로3가,329,하행,을지로3가,1-1,에스컬레이터,1800-338,B4,"환승통로(을지로3가 방면1-1, 안국 방면10-4)",섬식
3,종로3가,329,하행,을지로3가,1-1,에스컬레이터,1800-339,B4,"환승통로(을지로3가 방면1-1, 안국 방면10-4)",섬식
3,종로3가,329,상행,안국,9-1,에스컬레이터,1800-084,B4,"환승통로(안국 방면9-1, 을지로3가 방면2-4)",섬식
3,종로3가,329,상행,안국,4-3,엘리베이터,0125-744,B4,"안국 방면4-3, 을지로3가 방면7-1",섬식
3,을지로3가,330,하행,충무로,5-2,엘리베이터,0040-427,B3,"종로3가 방면6-3, 충무로 방면5-2",섬식
3,을지로3가,330,하행,충무로,7-4,에스컬레이터,1800-477,B3,"종로3가 방면4-2, 충무로 방면7-4",섬식
3,을지로3가,330,상행,종로3가,7-2,에스컬레이터,1801-129,B3,"충무로 방면4-3, 종로3가 방면7-2",섬식
3,을지로3가,330,상행,종로3가,6-3,엘리베이터,0040-427,B3,"종로3가 방면6-3, 충무로 방면5-2",섬식
3,을지로3가,330,하행,충무로,9-2,계단,,,,섬식
3,을지로3가,330,하행,충무로,7-4,계단,,,,섬식
3,을지로3가,330,하행,충무로,4-4,계단,,,,섬식
3,을지로3가,330,하행,충무로,2-3,계단,,,,섬식
3,을지로3가,330,상행,종로3가,4-2,에스컬레이터,1800-477,B3,"종로3가 방면4-2, 충무로 방면7-4",섬식
3,을지로3가,330,하행,충무로,4-3,에스컬레이터,1801-129,B3,"충무로 방면4-3, 종로3가 방면7-2",섬식
3,을지로3가,330,상행,종로3가,2-3,계단,,,,섬식
3,을지로3가,330,상행,종로3가,4-1,계단,,,,섬식
3,을지로3가,330,상행,종로3가,7-1,계단,,,,섬식
3,을지로3가,330,상행,종로3가,9-2,계단,,,,섬식
3,충무로,331,하행,동대입구,4-1,엘리베이터,0152-338,B1,"을지로3가 방면7-4, 동대입구 방면4-1",섬식
3,충무로,331,하행,동대입구,5-2,에스컬레이터,1800-486,B3,환승통로(동대입구 방면5-2),섬식
3,충무로,331,하행,동대입구,5-2,에스컬레이터,1800-487,B3,환승통로(동대입구 방면5-2),섬식
3,충무로,331,상행,을지로3가,6-3,에스컬레이터,1801-479,B3,환승통로(을지로3가 방면6-3),섬식
3,충무로,331,상행,을지로3가,6-3,에스컬레이터,1801-409,B3,환승통로(을지로3가 방면6-3),섬식
3,충무로,331,상행,을지로3가,7-4,엘리베이터,0152-338,B1,"을지로3가 방면7-4, 동대입구 방면4-1",섬식
3,동대입구,332,상행,충무로,7-2,계단,,,,섬식
3,동대입구,332,상행,충무로,9-2,계단,,,,섬식
3,동대입구,332,하행,약수,8-4,엘리베이터,0003-046,B3,"충무로 방면3-1, 약수 방면8-4",섬식
3,동대입구,332,상행,충무로,3-1,엘리베이터,0003-046,B3,"충무로 방면3-1, 약수 방면8-4",섬식
3,동대입구,332,하행,약수,9-1,계단,,,,섬식
3,동대입구,332,하행,약수,7-1,계단,,,,섬식
3,동대입구,332,하행,약수,4-3,계단,,,,섬식
3,동대입구,332,하행,약수,2-3,계단,,,,섬식
3,동대입구,332,상행,충무로,2-4,계단,,,,섬식
3,동대입구,332,상행,충무로,4-4,계단,,,,섬식
3,약수,333,상행,동대입구,2-4,계단,,,,섬식
3,약수,333,상행,동대입구,4-3,계단,,,,섬식
3,약수,333,상행,동대입구,7-1,계단,,,,섬식
3,약수,333,하행,금호,3-1,엘리베이터,0102-482,B2,"동대입구 방면8-4, 금호 방면3-1",섬식
3,약수,333,하행,금호,9-1,계단,,,,섬식
3,약수,333,하행,금호,7-2,계단,,,,섬식
3,약수,333,하행,금호,4-4,계단,,,,섬식
3,약수,333,상행,동대입구,8-4,엘리베이터,0102-482,B2,"동대입구 방면8-4, 금호 방면3-1",섬식
3,금호,334,상행,약수,2-3,계단,,,,섬식
3,금호,334,상행,약수,4-2,계단,,,,섬식
3,금호,334,상행,약수,6-4,계단,,,,섬식
3,금호,334,상행,약수,8-2,계단,,,,섬식
3,금호,334,하행,옥수,8-3,엘리베이터,0102-309,B2,"약수 방면3-2, 옥수 방면8-3",섬식
3,금호,334,상행,약수,3-2,엘리베이터,0102-309,B2,"약수 방면3-2, 옥수 방면8-3",섬식
3,금호,334,하행,옥수,9-2,계단,,,,섬식
3,금호,334,하행,옥수,7-3,계단,,,,섬식
3,금호,334,하행,옥수,5-1,계단,,,,섬식
3,금호,334,하행,옥수,3-3,계단,,,,섬식
3,옥수,335,상행,금호,1-4,계단,,,,상대식
3,옥수,335,상행,금호,4-1,계단,,,,상대식
3,옥수,335,상행,금호,7-4,계단,,,,상대식
3,옥수,335,상행,금호,9-4,계단,,,,상대식
3,옥수,335,하행,압구정,1-4,계단,,,,상대식
3,옥수,335,하행,압구정,4-1,계단,,,,상대식
3,옥수,335,하행,압구정,7-4,계단,,,,상대식
3,옥수,335,하행,압구정,9-4,계단,,,,상대식
3,옥수,335,상행,금호,10-1,엘리베이터,0074-036,4F,금호 방면10-1,상대식
3,옥수,335,하행,압구정,1-2,엘리베이터,0074-037,4F,압구정 방면1-2,상대식
3,압구정,336,상행,옥수,2-2,계단,,,,상대식
3,압구정,336,상행,옥수,4-1,계단,,,,상대식
3,압구정,336,상행,옥수,7-3,계단,,,,상대식
3,압구정,336,상행,옥수,9-1,계단,,,,상대식
3,압구정,336,하행,신사,2-3,계단,,,,상대식
3,압구정,336,하행,신사,4-2,계단,,,,상대식
3,압구정,336,하행,신사,7-3,계단,,,,상대식
3,압구정,336,하행,신사,9-2,계단,,,,상대식
3,압구정,336,상행,옥수,8-2,엘리베이터,0033-201,B2,옥수 방면8-2,상대식
3,압구정,336,하행,신사,3-2,엘리베이터,0033-202,B2,신사 방면3-2,상대식
3,신사,337,상행,압구정,2-2,계단,,,,상대식
3,신사,337,상행,압구정,4-1,계단,,,,상대식
3,신사,337,상행,압구정,7-2,계단,,,,상대식
3,신사,337,상행,압구정,9-1,계단,,,,상대식
3,신사,337,하행,잠원,2-3,계단,,,,상대식
3,신사,337,하행,잠원,4-2,계단,,,,상대식
3,신사,337,하행,잠원,7-3,계단,,,,상대식
3,신사,337,하행,잠원,9-2,계단,,,,상대식
3,신사,337,상행,압구정,3-1,엘리베이터,0049-398,B2,압구정 방면3-1,상대식
3,신사,337,하행,잠원,8-3,엘리베이터,0049-407,B2,잠원 방면8-3,상대식
3,잠원,338,상행,신사,2-4,계단,,,,상대식
3,잠원,338,상행,신사,4-3,계단,,,,상대식
3,잠원,338,상행,신사,7-1,계단,,,,상대식
3,잠원,338,상행,신사,8-4,계단,,,,상대식
3,잠원,338,하행,고속터미널,2-3,계단,,,,상대식
3,잠원,338,하행,고속터미널,4-2,계단,,,,상대식
3,잠원,338,하행,고속터미널,7-1,계단,,,,상대식
3,잠원,338,하행,고속터미널,8-4,계단,,,,상대식
3,잠원,338,상행,신사,3-3,엘리베이터,0033-321,B2,신사 방면3-3,상대식
3,잠원,338,하행,고속터미널,8-2,엘리베이터,0035-271,B2,고속터미널 방면8-2,상대식
3,고속터미널,339,상행,잠원,2-3,계단,,,,상대식
3,고속터미널,339,상행,잠원,4-3,계단,,,,상대식
3,고속터미널,339,상행,잠원,7-2,계단,,,,상대식
3,고속터미널,339,상행,잠원,9-2,계단,,,,상대식
3,고속터미널,339,하행,교대,2-3,계단,,,,상대식
3,고속터미널,339,하행,교대,4-3,계단,,,,상대식
3,고속터미널,339,하행,교대,7-2,계단,,,,상대식
3,고속터미널,339,하행,교대,9-2,계단,,,,상대식
3,고속터미널,339,상행,잠원,9-2,에스컬레이터,1802-288,B3,잠원 방면9-2,상대식
3,고속터미널,339,상행,잠원,9-2,에스컬레이터,1802-289,B3,잠원 방면9-2,상대식
3,고속터미널,339,하행,교대,7-2,에스컬레이터,1802-107,B3,교대 방면7-2,상대식
3,고속터미널,339,하행,교대,7-2,에스컬레이터,1802-108,B3,교대 방면7-2,상대식
3,고속터미널,339,상행,잠원,4-3,에스컬레이터,1802-101,B3,잠원 방면4-3,상대식
3,고속터미널,339,상행,잠원,4-3,에스컬레이터,1802-102,B3,잠원 방면4-3,상대식
3,고속터미널,339,하행,교대,2-3,에스컬레이터,1802-290,B3,교대 방면2-3,상대식
3,고속터미널,339,하행,교대,2-3,에스컬레이터,1802-106,B3,교대 방면2-3,상대식
3,고속터미널,339,상행,잠원,2-3,에스컬레이터,1802-099,B3,잠원 방면2-3,상대식
3,고속터미널,339,상행,잠원,2-3,에스컬레이터,1802-100,B3,잠원 방면2-3,상대식
3,고속터미널,339,상행,잠원,7-2,에스컬레이터,1802-103,B3,잠원 방면7-2,상대식
3,고속터미널,339,상행,잠원,7-2,에스컬레이터,1802-287,B3,잠원 방면7-2,상대식
3,고속터미널,339,상행,잠원,8-2,엘리베이터,0033-322,B3,잠원 방면8-2,상대식
3,고속터미널,339,하행,교대,4-3,에스컬레이터,1802-291,B3,교대 방면4-3,상대식
3,고속터미널,339,하행,교대,4-3,에스컬레이터,1802-292,B3,교대 방면4-3,상대식
3,고속터미널,339,하행,교대,9-2,에스컬레이터,1802-104,B3,교대 방면9-2,상대식
3,고속터미널,339,하행,교대,9-2,에스컬레이터,1802-105,B3,교대 방면9-2,상대식
3,고속터미널,339,하행,교대,3-3,엘리베이터,0033-323,B3,교대 방면3-3,상대식
3,교대,340,하행,남부터미널,8-3,에스컬레이터,1809-330,B3,"고속터미널 방면3-2, 남부터미널 방면8-3",섬식
3,교대,340,하행,남부터미널,8-3,에스컬레이터,1809-331,B3,"고속터미널 방면3-2, 남부터미널 방면8-3",섬식
3,교대,340,하행,남부터미널,7-3,엘리베이터,0035-270,B3,"고속터미널 방면4-2, 남부터미널 방면7-3",섬식
3,교대,340,상행,고속터미널,3-3,계단,,,,섬식
3,교대,340,상행,고속터미널,7-4,계단,,,,섬식
3,교대,340,상행,고속터미널,9-4,계단,,,,섬식
3,교대,340,상행,고속터미널,3-2,에스컬레이터,1809-330,B3,"고속터미널 방면3-2, 남부터미널 방면8-3",섬식
3,교대,340,상행,고속터미널,3-2,에스컬레이터,1809-331,B3,"고속터미널 방면3-2, 남부터미널 방면8-3",섬식
3,교대,340,하행,남부터미널,8-2,계단,,,,섬식
3,교대,340,하행,남부터미널,4-1,계단,,,,섬식
3,교대,340,하행,남부터미널,2-1,계단,,,,섬식
3,교대,340,상행,고속터미널,4-2,엘리베이터,0035-270,B3,"고속터미널 방면4-2, 남부터미널 방면7-3",섬식
3,남부터미널,341,상행,교대,3-2,엘리베이터,0101-445,B3,교대 방면3-2,상대식
3,남부터미널,341,하행,양재,8-2,엘리베이터,0101-446,B3,양재 방면8-2,상대식
3,남부터미널,341,상행,교대,2-3,계단,,,,상대식
3,남부터미널,341,상행,교대,4-2,계단,,,,상대식
3,남부터미널,341,상행,교대,7-4,계단,,,,상대식
3,남부터미널,341,상행,교대,9-3,계단,,,,상대식
3,남부터미널,341,하행,양재,2-1,계단,,,,상대식
3,남부터미널,341,하행,양재,4-1,계단,,,,상대식
3,남부터미널,341,하행,양재,7-2,계단,,,,상대식
3,남부터미널,341,하행,양재,9-1,계단,,,,상대식
3,양재,342,상행,남부터미널,2-1,계단,,,,상대식
3,양재,342,상행,남부터미널,3-4,계단,,,,상대식
3,양재,342,상행,남부터미널,8-1,계단,,,,상대식
3,양재,342,상행,남부터미널,9-4,계단,,,,상대식
3,양재,342,하행,매봉,1-4,계단,,,,상대식
3,양재,342,하행,매봉,3-3,계단,,,,상대식
3,양재,342,하행,매봉,7-4,계단,,,,상대식
3,양재,342,하행,매봉,9-3,계단,,,,상대식
3,양재,342,상행,남부터미널,3-1,엘리베이터,0099-778,B2,남부터미널 방면3-1,상대식
3,양재,342,하행,매봉,8-4,엘리베이터,0099-779,B2,매봉 방면8-4,상대식
3,매봉,343,하행,도곡,6-1,엘리베이터,0033-325,B2,도곡 방면6-1,상대식
3,매봉,343,상행,양재,5-1,계단,,,,상대식
3,매봉,343,상행,양재,6-4,계단,,,,상대식
3,매봉,343,하행,도곡,5-1,계단,,,,상대식
3,매봉,343,하행,도곡,6-4,계단,,,,상대식
3,매봉,343,상행,양재,5-4,엘리베이터,0033-324,B2,양재 방면5-4,상대식
3,도곡,344,상행,매봉,4-1,에스컬레이터,1807-846,B4,매봉 방면4-1,상대식
3,도곡,344,상행,매봉,4-1,에스컬레이터,1807-847,B4,매봉 방면4-1,상대식
3,도곡,344,상행,매봉,7-4,에스컬레이터,1807-913,B4,매봉 방면7-4,상대식
3,도곡,344,상행,매봉,7-4,에스컬레이터,1807-912,B4,매봉 방면7-4,상대식
3,도곡,344,하행,대치,4-1,에스컬레이터,1807-915,B4,대치 방면4-1,상대식
3,도곡,344,하행,대치,4-1,에스컬레이터,1807-914,B4,대치 방면4-1,상대식
3,도곡,344,하행,대치,7-4,에스컬레이터,1807-848,B4,대치 방면7-4,상대식
3,도곡,344,하행,대치,7-4,에스컬레이터,1807-849,B4,대치 방면7-4,상대식
3,도곡,344,상행,매봉,4-2,계단,,,,상대식
3,도곡,344,상행,매봉,7-3,계단,,,,상대식
3,대치,345,상행,도곡,1-1,에스컬레이터,1807-887,B4,"도곡 방면1-1, 학여울 방면10-4",섬식
3,대치,345,상행,도곡,1-1,에스컬레이터,1807-854,B4,"도곡 방면1-1, 학여울 방면10-4",섬식
3,대치,345,상행,도곡,10-4,에스컬레이터,1807-855,B4,"도곡 방면10-4, 학여울 방면1-1",섬식
3,대치,345,상행,도곡,10-4,에스컬레이터,1807-888,B4,"도곡 방면10-4, 학여울 방면1-1",섬식
3,대치,345,하행,학여울,10-4,엘리베이터,0033-207,B4,"도곡 방면1-1, 학여울 방면10-4",섬식
3,대치,345,하행,학여울,10-4,에스컬레이터,1807-887,B4,"도곡 방면1-1, 학여울 방면10-4",섬식
3,대치,345,하행,학여울,10-4,에스컬레이터,1807-854,B4,"도곡 방면1-1, 학여울 방면10-4",섬식
3,대치,345,하행,학여울,1-1,에스컬레이터,1807-855,B4,"도곡 방면10-4, 학여울 방면1-1",섬식
3,대치,345,하행,학여울,1-1,에스컬레이터,1807-888,B4,"도곡 방면10-4, 학여울 방면1-1",섬식
3,대치,345,상행,도곡,10-4,계단,,,,섬식
3,대치,345,하행,학여울,1-1,계단,,,,섬식
3,대치,345,상행,도곡,1-1,엘리베이터,0033-207,B4,"도곡 방면1-1, 학여울 방면10-4",섬식
3,학여울,346,상행,대치,5-4,엘리베이터,0033-368,B5,대치 방면5-4,상대식
3,학여울,346,하행,대청,6-1,엘리베이터,0033-369,B5,대청 방면6-1,상대식
3,학여울,346,상행,대치,4-4,계단,,,,상대식
3,학여울,346,상행,대치,7-1,계단,,,,상대식
3,학여울,346,하행,대청,4-4,계단,,,,상대식
3,학여울,346,하행,대청,7-1,계단,,,,상대식
3,대청,347,상행,학여울,3-4,계단,,,,상대식
3,대청,347,상행,학여울,6-1,계단,,,,상대식
3,대청,347,하행,일원,5-4,계단,,,,상대식
3,대청,347,하행,일원,8-1,계단,,,,상대식
3,대청,347,상행,학여울,4-4,엘리베이터,0035-268,B3,학여울 방면4-4,상대식
3,대청,347,하행,일원,7-1,엘리베이터,0035-267,B3,일원 방면7-1,상대식
3,일원,348,상행,대청,5-2,계단,,,,상대식
3,일원,348,상행,대청,7-4,계단,,,,상대식
3,일원,348,하행,수서,4-1,계단,,,,상대식
3,일원,348,하행,수서,6-3,계단,,,,상대식
3,일원,348,상행,대청,6-3,엘리베이터,0035-326,B3,대청 방면6-3,상대식
3,일원,348,하행,수서,5-2,엘리베이터,0035-327,B3,수서 방면5-2,상대식
3,수서,349,상행,일원,9-3,에스컬레이터,1812-114,B2,일원 방면9-3,복합식
3,수서,349,상행,일원,9-3,에스컬레이터,1812-113,B2,일원 방면9-3,복합식
3,수서,349,하행,가락시장,2-2,에스컬레이터,1812-116,B2,가락시장 방면2-2,복합식
3,수서,349,하행,가락시장,2-2,에스컬레이터,1812-115,B2,가락시장 방면2-2,복합식
3,수서,349,상행,일원,3-1,계단,,,,복합식
3,수서,349,상행,일원,5-1,계단,,,,복합식
3,수서,349,상행,일원,7-2,계단,,,,복합식
3,수서,349,하행,가락시장,4-3,계단,,,,복합식
3,수서,349,하행,가락시장,6-4,계단,,,,복합식
3,수서,349,하행,가락시장,8-4,계단,,,,복합식
3,수서,349,하행,가락시장,3-2,엘리베이터,0033-205,B2,가락시장 방면3-2,복합식
3,수서,349,상행,일원,8-3,엘리베이터,0033-206,B2,일원 방면8-3,복합식
3,가락시장,350,상행,수서,8-2,엘리베이터,0100-025,B4,수서 방면8-2,상대식
3,가락시장,350,하행,경찰병원,3-2,엘리베이터,0100-026,B4,경찰병원 방면3-2,상대식
3,가락시장,350,상행,수서,10-1,계단,,,,상대식
3,가락시장,350,하행,경찰병원,1-4,계단,,,,상대식
3,가락시장,350,상행,수서,4-4,에스컬레이터,1809-395,B4,수서 방면4-4,상대식
3,가락시장,350,상행,수서,4-4,에스컬레이터,1809-396,B4,수서 방면4-4,상대식
3,가락시장,350,상행,수서,6-3,에스컬레이터,1809-397,B4,수서 방면6-3,상대식
3,가락시장,350,상행,수서,6-3,에스컬레이터,1809-398,B4,수서 방면6-3,상대식
3,가락시장,350,상행,수서,8-3,에스컬레이터,1809-399,B4,수서 방면8-3,상대식
3,가락시장,350,상행,수서,8-3,에스컬레이터,1809-400,B4,수서 방면8-3,상대식
3,가락시장,350,상행,수서,10-1,에스컬레이터,1808-601,B4,수서 방면10-1,상대식
3,가락시장,350,하행,경찰병원,2-1,에스컬레이터,1808-602,B4,경찰병원 방면2-1,상대식
3,가락시장,350,하행,경찰병원,3-2,에스컬레이터,1808-603,B4,경찰병원 방면3-2,상대식
3,가락시장,350,하행,경찰병원,3-2,에스컬레이터,1808-604,B4,경찰병원 방면3-2,상대식
3,가락시장,350,하행,경찰병원,5-2,에스컬레이터,1808-605,B4,경찰병원 방면5-2,상대식
3,가락시장,350,하행,경찰병원,5-2,에스컬레이터,1808-606,B4,경찰병원 방면5-2,상대식
3,가락시장,350,하행,경찰병원,7-1,에스컬레이터,1808-607,B4,경찰병원 방면7-1,상대식
3,가락시장,350,하행,경찰병원,7-1,에스컬레이터,1808-608,B4,경찰병원 방면7-1,상대식
3,경찰병원,351,상행,가락시장,4-2,엘리베이터,0099-889,B3,가락시장 방면4-2,상대식
3,경찰병원,351,하행,오금,7-3,엘리베이터,0099-890,B3,오금 방면7-3,상대식
3,경찰병원,351,상행,가락시장,2-1,에스컬레이터,1809-375,B3,가락시장 방면2-1,상대식
3,경찰병원,351,상행,가락시장,2-1,에스컬레이터,1809-376,B3,가락시장 방면2-1,상대식
3,경찰병원,351,상행,가락시장,6-2,에스컬레이터,1809-377,B3,가락시장 방면6-2,상대식
3,경찰병원,351,상행,가락시장,6-2,에스컬레이터,1809-378,B3,가락시장 방면6-2,상대식
3,경찰병원,351,상행,가락시장,7-4,에스컬레이터,1809-379,B3,가락시장 방면7-4,상대식
3,경찰병원,351,상행,가락시장,7-4,에스컬레이터,1809-380,B3,가락시장 방면7-4,상대식
3,경찰병원,351,하행,오금,4-1,에스컬레이터,1809-381,B3,오금 방면4-1,상대식
3,경찰병원,351,하행,오금,4-1,에스컬레이터,1809-382,B3,오금 방면4-1,상대식
3,경찰병원,351,하행,오금,5-3,에스컬레이터,1809-383,B3,오금 방면5-3,상대식
3,경찰병원,351,하행,오금,5-3,에스컬레이터,1809-384,B3,오금 방면5-3,상대식
3,경찰병원,351,하행,오금,9-4,에스컬레이터,1809-385,B3,오금 방면9-4,상대식
3,경찰병원,351,하행,오금,9-4,에스컬레이터,1809-386,B3,오금 방면9-4,상대식
3,오금,352,상행,경찰병원,7-1,계단,,,,상대식
3,오금,352,하행,오금,4-4,계단,,,,상대식
3,오금,352,상행,경찰병원,5-1,엘리베이터,0099-955,B4,경찰병원 방면5-1,상대식
3,오금,352,하행,오금,6-4,엘리베이터,0099-956,B4,오금 방면6-4,상대식
3,오금,352,상행,경찰병원,2-2,에스컬레이터,1809-360,B4,경찰병원 방면2-2,상대식
3,오금,352,상행,경찰병원,2-2,에스컬레이터,1809-361,B4,경찰병원 방면2-2,상대식
3,오금,352,상행,경찰병원,4-2,에스컬레이터,1809-362,B4,경찰병원 방면4-2,상대식
3,오금,352,상행,경찰병원,4-2,에스컬레이터,1809-363,B4,경찰병원 방면4-2,상대식
3,오금,352,상행,경찰병원,7-1,에스컬레이터,1809-364,B4,경찰병원 방면7-1,상대식
3,오금,352,하행,오금,4-4,에스컬레이터,1809-365,B4,오금 방면4-4,상대식
3,오금,352,하행,오금,7-3,에스컬레이터,1809-366,B4,오금 방면7-3,상대식
3,오금,352,하행,오금,7-3,에스컬레이터,1809-367,B4,오금 방면7-3,상대식
3,오금,352,하행,오금,9-3,에스컬레이터,1809-368,B4,오금 방면9-3,상대식
3,오금,352,하행,오금,9-3,에스컬레이터,1809-369,B4,오금 방면9-3,상대식
4,불암산,409,상행,별내별가람,3-1,에스컬레이터,1813-713,3F,별내별가람 방면3-1,상대식
4,불암산,409,상행,별내별가람,3-1,에스컬레이터,1813-714,3F,별내별가람 방면3-1,상대식
4,불암산,409,상행,별내별가람,4-3,계단,,,,상대식
4,불암산,409,상행,별내별가람,7-2,계단,,,,상대식
4,불암산,409,하행,상계,4-3,계단,,,,상대식
4,불암산,409,하행,상계,7-2,계단,,,,상대식
4,불암산,409,하행,상계,5-4,엘리베이터,0085-252,3F,상계 방면5-4,상대식
4,불암산,409,상행,별내별가람,6-1,엘리베이터,0085-251,3F,별내별가람 방면6-1,상대식
4,상계,410,하행,노원,2-1,에스컬레이터,1810-594,3F,노원 방면2-1,상대식
4,상계,410,하행,노원,2-1,에스컬레이터,1810-595,3F,노원 방면2-1,상대식
4,상계,410,상행,불암산,4-1,계단,,,,상대식
4,상계,410,상행,불암산,7-4,계단,,,,상대식
4,상계,410,상행,불암산,9-4,계단,,,,상대식
4,상계,410,하행,노원,2-1,계단,,,,상대식
4,상계,410,하행,노원,4-1,계단,,,,상대식
4,상계,410,하행,노원,7-4,계단,,,,상대식
4,노원,411,하행,창동,2-4,에스컬레이터,1813-739,3F,창동 방면2-4,상대식
4,노원,411,하행,창동,2-4,에스컬레이터,1813-738,3F,창동 방면2-4,상대식
4,노원,411,상행,상계,8-4,엘리베이터,0085-261,3F,상계 방면8-4,상대식
4,노원,411,상행,상계,2-1,계단,,,,상대식
4,노원,411,상행,상계,4-1,계단,,,,상대식
4,노원,411,상행,상계,7-3,계단,,,,상대식
4,노원,411,상행,상계,9-3,계단,,,,상대식
4,노원,411,하행,창동,4-2,계단,,,,상대식
4,노원,411,하행,창동,7-3,계단,,,,상대식
4,노원,411,하행,창동,9-3,계단,,,,상대식
4,창동,412,상행,노원,NA-NA,계단,,,,상대식
4,창동,412,상행,노원,3-4,계단,,,,상대식
4,창동,412,상행,노원,7-3,계단,,,,상대식
4,창동,412,하행,쌍문,2-2,계단,,,,상대식
4,창동,412,하행,쌍문,4-2,계단,,,,상대식
4,창동,412,하행,쌍문,8-1,계단,,,,상대식
4,창동,412,상행,노원,2-4,엘리베이터,0125-527,3F,노원 방면2-4,상대식
4,창동,412,상행,노원,8-3,엘리베이터,0125-524,3F,노원 방면8-3,상대식
4,창동,412,하행,쌍문,3-2,엘리베이터,0125-525,3F,쌍문 방면3-2,상대식
4,창동,412,하행,쌍문,8-4,엘리베이터,0125-526,3F,쌍문 방면8-4,상대식
4,창동,412,하행,쌍문,6-1,엘리베이터,0159-084,3F,쌍문 방면6-1,상대식
4,창동,412,하행,쌍문,6-1,엘리베이터,0159-085,3F,쌍문 방면6-1,상대식
4,쌍문,413,상행,창동,2-4,계단,,,,상대식
4,쌍문,413,상행,창동,4-3,계단,,,,상대식
4,쌍문,413,상행,창동,7-2,계단,,,,상대식
4,쌍문,413,상행,창동,9-1,계단,,,,상대식
4,쌍문,413,하행,수유,2-4,계단,,,,상대식
4,쌍문,413,하행,수유,3-4,계단,,,,상대식
4,쌍문,413,하행,수유,4-3,계단,,,,상대식
4,쌍문,413,하행,수유,7-2,계단,,,,상대식
4,쌍문,413,하행,수유,9-1,계단,,,,상대식
4,쌍문,413,상행,창동,8-2,엘리베이터,0085-219,B2,창동 방면8-2,상대식
4,쌍문,413,하행,수유,3-4,엘리베이터,0085-220,B2,수유 방면3-4,상대식
4,수유,414,상행,쌍문,7-1,엘리베이터,0085-196,B2,쌍문 방면7-1,상대식
4,수유,414,하행,미아,4-4,엘리베이터,0085-197,B2,미아 방면4-4,상대식
4,수유,414,상행,쌍문,2-4,계단,,,,상대식
4,수유,414,상행,쌍문,4-3,계단,,,,상대식
4,수유,414,상행,쌍문,7-2,계단,,,,상대식
4,수유,414,상행,쌍문,9-1,계단,,,,상대식
4,수유,414,하행,미아,2-4,계단,,,,상대식
4,수유,414,하행,미아,4-3,계단,,,,상대식
4,수유,414,하행,미아,7-2,계단,,,,상대식
4,수유,414,하행,미아,9-1,계단,,,,상대식
4,미아,415,상행,수유,8-2,엘리베이터,0085-194,B2,수유 방면8-2,상대식
4,미아,415,하행,미아사거리,3-4,엘리베이터,0085-195,B2,미아사거리 방면3-4,상대식
4,미아,415,상행,수유,2-4,계단,,,,상대식
4,미아,415,상행,수유,4-3,계단,,,,상대식
4,미아,415,상행,수유,7-1,계단,,,,상대식
4,미아,415,상행,수유,8-4,계단,,,,상대식
4,미아,415,하행,미아사거리,2-4,계단,,,,상대식
4,미아,415,하행,미아사거리,4-3,계단,,,,상대식
4,미아,415,하행,미아사거리,7-1,계단,,,,상대식
4,미아,415,하행,미아사거리,8-4,계단,,,,상대식
4,미아사거리,416,상행,미아,3-1,엘리베이터,0019-373,B2,미아 방면3-1,상대식
4,미아사거리,416,하행,길음,8-3,엘리베이터,0019-372,B2,길음 방면8-3,상대식
4,미아사거리,416,상행,미아,2-2,계단,,,,상대식
4,미아사거리,416,상행,미아,4-1,계단,,,,상대식
4,미아사거리,416,상행,미아,6-4,계단,,,,상대식
4,미아사거리,416,상행,미아,8-3,계단,,,,상대식
4,미아사거리,416,하행,길음,3-1,계단,,,,상대식
4,미아사거리,416,하행,길음,4-4,계단,,,,상대식
4,미아사거리,416,하행,길음,7-3,계단,,,,상대식
4,미아사거리,416,하행,길음,9-2,계단,,,,상대식
4,길음,417,하행,성신여대입구,5-4,엘리베이터,0055-620,B2,"미아사거리 방면6-1, 성신여대입구 방면5-4",섬식
4,길음,417,하행,성신여대입구,9-4,계단,,,,섬식
4,길음,417,하행,성신여대입구,6-4,계단,,,,섬식
4,길음,417,하행,성신여대입구,5-2,계단,,,,섬식
4,길음,417,하행,성신여대입구,2-2,계단,,,,섬식
4,길음,417,상행,미아사거리,6-1,엘리베이터,0055-620,B2,"미아사거리 방면6-1, 성신여대입구 방면5-4",섬식
4,길음,417,상행,미아사거리,2-1,계단,,,,섬식
4,길음,417,상행,미아사거리,5-1,계단,,,,섬식
4,길음,417,상행,미아사거리,6-3,계단,,,,섬식
4,길음,417,상행,미아사거리,9-3,계단,,,,섬식
4,성신여대입구,418,상행,길음,3-1,계단,,,,상대식
4,성신여대입구,418,상행,길음,4-3,계단,,,,상대식
4,성신여대입구,418,상행,길음,7-2,계단,,,,상대식
4,성신여대입구,418,상행,길음,8-4,계단,,,,상대식
4,성신여대입구,418,하행,한성대입구,3-1,계단,,,,상대식
4,성신여대입구,418,상행,길음,8-2,엘리베이터,0055-622,B2,길음 방면8-2,상대식
4,성신여대입구,418,하행,한성대입구,4-3,계단,,,,상대식
4,성신여대입구,418,하행,한성대입구,7-2,계단,,,,상대식
4,성신여대입구,418,하행,한성대입구,8-4,계단,,,,상대식
4,성신여대입구,418,하행,한성대입구,3-4,엘리베이터,0055-623,B2,한성대입구 방면3-4,상대식
4,한성대입구,419,하행,혜화,5-4,엘리베이터,0055-618,B2,"성신여대입구 방면6-1, 혜화 방면5-4",섬식
4,한성대입구,419,하행,혜화,9-1,계단,,,,섬식
4,한성대입구,419,하행,혜화,6-3,계단,,,,섬식
4,한성대입구,419,하행,혜화,5-1,계단,,,,섬식
4,한성대입구,419,하행,혜화,2-4,계단,,,,섬식
4,한성대입구,419,상행,성신여대입구,2-4,계단,,,,섬식
4,한성대입구,419,상행,성신여대입구,5-2,계단,,,,섬식
4,한성대입구,419,상행,성신여대입구,6-4,계단,,,,섬식
4,한성대입구,419,상행,성신여대입구,9-1,계단,,,,섬식
4,한성대입구,419,상행,성신여대입구,6-1,엘리베이터,0055-618,B2,"성신여대입구 방면6-1, 혜화 방면5-4",섬식
4,혜화,420,상행,한성대입구,7-4,엘리베이터,0000-911,B2,한성대입구 방면7-4,상대식
4,혜화,420,하행,동대문,3-4,엘리베이터,0000-910,B2,동대문(4) 방면3-4,상대식
4,혜화,420,상행,한성대입구,3-1,계단,,,,상대식
4,혜화,420,상행,한성대입구,4-3,계단,,,,상대식
4,혜화,420,상행,한성대입구,7-1,계단,,,,상대식
4,혜화,420,상행,한성대입구,8-4,계단,,,,상대식
4,혜화,420,하행,동대문,3-1,계단,,,,상대식
4,혜화,420,하행,동대문,4-3,계단,,,,상대식
4,혜화,420,하행,동대문,7-1,계단,,,,상대식
4,혜화,420,하행,동대문,8-4,계단,,,,상대식
4,동대문,421,하행,동대문역사문화공원,5-2,엘리베이터,0000-523,B4,"혜화 방면6-3, 동대문역사문화공원 방면5-2",섬식
4,동대문,421,상행,혜화,4-1,에스컬레이터,1801-111,B4,"동대문역사문화공원 방면7-4, 혜화 방면4-1",섬식
4,동대문,421,하행,동대문역사문화공원,7-4,에스컬레이터,1801-112,B4,"혜화 방면4-1, 동대문역사문화공원 방면7-4",섬식
4,동대문,421,상행,혜화,8-2,에스컬레이터,1801-113,B4,"동대문역사문화공원 방면3-3, 혜화 방면8-2",섬식
4,동대문,421,하행,동대문역사문화공원,3-3,에스컬레이터,1801-114,B4,"혜화 방면8-2, 동대문역사문화공원 방면3-3",섬식
4,동대문,421,상행,혜화,6-3,엘리베이터,0000-523,B4,"혜화 방면6-3, 동대문역사문화공원 방면5-2",섬식
4,동대문,421,하행,동대문역사문화공원,7-4,계단,,,,섬식
4,동대문,421,하행,동대문역사문화공원,6-1,계단,,,,섬식
4,동대문,421,하행,동대문역사문화공원,5-2,계단,,,,섬식
4,동대문,421,하행,동대문역사문화공원,3-4,계단,,,,섬식
4,동대문,421,하행,동대문역사문화공원,7-4,에스컬레이터,1801-111,B4,"동대문역사문화공원 방면7-4, 혜화 방면4-1",섬식
4,동대문,421,상행,혜화,4-1,에스컬레이터,1801-112,B4,"혜화 방면4-1, 동대문역사문화공원 방면7-4",섬식
4,동대문,421,하행,동대문역사문화공원,3-3,에스컬레이터,1801-113,B4,"동대문역사문화공원 방면3-3, 혜화 방면8-2",섬식
4,동대문,421,상행,혜화,8-2,에스컬레이터,1801-114,B4,"혜화 방면8-2, 동대문역사문화공원 방면3-3",섬식
4,동대문,421,상행,혜화,4-1,계단,,,,섬식
4,동대문,421,상행,혜화,5-4,계단,,,,섬식
4,동대문,421,상행,혜화,6-3,계단,,,,섬식
4,동대문,421,상행,혜화,8-1,계단,,,,섬식
4,동대문역사문화공원,422,하행,충무로,7-1,엘리베이터,0039-975,B3,"동대문(4) 방면4-4, 충무로 방면7-1",섬식
4,동대문역사문화공원,422,하행,충무로,5-2,에스컬레이터,1800-474,B3,"동대문 방면6-3, 충무로 방면5-2",섬식
4,동대문역사문화공원,422,상행,동대문,6-3,에스컬레이터,1800-475,B3,"충무로 방면5-2, 동대문 방면6-3",섬식
4,동대문역사문화공원,422,상행,동대문,9-1,에스컬레이터,1808-987,B3,"충무로 방면2-4, 동대문 방면9-1",섬식
4,동대문역사문화공원,422,하행,충무로,2-4,에스컬레이터,1808-988,B3,"동대문 방면9-1, 충무로 방면2-4",섬식
4,동대문역사문화공원,422,상행,동대문,3-2,에스컬레이터,1801-576,B3,"충무로 방면8-3, 동대문 방면3-2",섬식
4,동대문역사문화공원,422,하행,충무로,8-4,에스컬레이터,1801-577,B3,"동대문 방면3-1, 충무로 방면8-4",섬식
4,동대문역사문화공원,422,상행,동대문,4-4,엘리베이터,0039-975,B3,"동대문(4) 방면4-4, 충무로 방면7-1",섬식
4,동대문역사문화공원,422,상행,동대문,6-3,에스컬레이터,1800-474,B3,"동대문 방면6-3, 충무로 방면5-2",섬식
4,동대문역사문화공원,422,하행,충무로,5-2,에스컬레이터,1800-475,B3,"충무로 방면5-2, 동대문 방면6-3",섬식
4,동대문역사문화공원,422,하행,충무로,2-4,에스컬레이터,1808-987,B3,"충무로 방면2-4, 동대문 방면9-1",섬식
4,동대문역사문화공원,422,상행,동대문,9-1,에스컬레이터,1808-988,B3,"동대문 방면9-1, 충무로 방면2-4",섬식
4,동대문역사문화공원,422,하행,충무로,10-4,계단,,,,섬식
4,동대문역사문화공원,422,하행,충무로,8-4,계단,,,,섬식
4,동대문역사문화공원,422,하행,충무로,5-2,계단,,,,섬식
4,동대문역사문화공원,422,하행,충무로,2-3,계단,,,,섬식
4,동대문역사문화공원,422,하행,충무로,8-3,에스컬레이터,1801-576,B3,"충무로 방면8-3, 동대문 방면3-2",섬식
4,동대문역사문화공원,422,상행,동대문,3-1,에스컬레이터,1801-577,B3,"동대문 방면3-1, 충무로 방면8-4",섬식
4,동대문역사문화공원,422,상행,동대문,1-1,계단,,,,섬식
4,동대문역사문화공원,422,상행,동대문,3-1,계단,,,,섬식
4,동대문역사문화공원,422,상행,동대문,6-3,계단,,,,섬식
4,동대문역사문화공원,422,상행,동대문,9-2,계단,,,,섬식
4,충무로,423,상행,동대문역사문화공원,4-2,에스컬레이터,1808-136,B1,대합실(동대문역사문화공원 방면4-2),상대식
4,충무로,423,상행,동대문역사문화공원,4-2,에스컬레이터,1808-137,B1,대합실(동대문역사문화공원 방면4-2),상대식
4,충무로,423,상행,동대문역사문화공원,6-3,에스컬레이터,1808-138,B1,대합실(동대문역사문화공원 방면6-3),상대식
4,충무로,423,상행,동대문역사문화공원,6-3,에스컬레이터,1808-139,B1,대합실(동대문역사문화공원 방면6-3),상대식
4,충무로,423,하행,명동,5-2,에스컬레이터,1808-140,B1,대합실(명동 방면5-2),상대식
4,충무로,423,하행,명동,5-2,에스컬레이터,1808-141,B1,대합실(명동 방면5-2),상대식
4,충무로,423,하행,명동,7-2,에스컬레이터,1808-142,B1,대합실(명동 방면7-2),상대식
4,충무로,423,하행,명동,7-2,에스컬레이터,1808-143,B1,대합실(명동 방면7-2),상대식
4,충무로,423,상행,동대문역사문화공원,4-2,에스컬레이터,1808-128,B3,동대문역사문화공원 방면4-2,상대식
4,충무로,423,상행,동대문역사문화공원,4-2,에스컬레이터,1808-129,B3,동대문역사문화공원 방면4-2,상대식
4,충무로,423,하행,명동,5-2,에스컬레이터,1808-132,B3,명동 방면5-2,상대식
4,충무로,423,상행,동대문역사문화공원,5-2,에스컬레이터,1808-133,B3,동대문역사문화공원 방면5-2,상대식
4,충무로,423,하행,명동,6-3,에스컬레이터,1808-130,B3,명동 방면6-3,상대식
4,충무로,423,상행,동대문역사문화공원,6-3,에스컬레이터,1808-131,B3,동대문역사문화공원 방면6-3,상대식
4,충무로,423,상행,동대문역사문화공원,7-2,에스컬레이터,1808-135,B3,동대문역사문화공원 방면7-2,상대식
4,충무로,423,상행,동대문역사문화공원,8-1,엘리베이터,0003-715,B3,동대문역사문화공원 방면8-1,상대식
4,충무로,423,하행,명동,3-3,엘리베이터,0003-714,B3,명동 방면3-3,상대식
4,충무로,423,상행,동대문역사문화공원,1-4,계단,,,,상대식
4,충무로,423,상행,동대문역사문화공원,5-1,계단,,,,상대식
4,충무로,423,상행,동대문역사문화공원,9-1,계단,,,,상대식
4,충무로,423,하행,명동,2-3,계단,,,,상대식
4,충무로,423,하행,명동,7-1,계단,,,,상대식
4,충무로,423,하행,명동,9-4,계단,,,,상대식
4,명동,424,하행,회현,10-4,에스컬레이터,1800-724,B4,"회현 방면10-4, 충무로 방면1-1",섬식
4,명동,424,하행,회현,1-1,에스컬레이터,1800-725,B4,"충무로 방면10-4, 회현 방면1-1",섬식
4,명동,424,상행,충무로,10-4,에스컬레이터,1801-054,B4,"회현 방면1-1, 충무로 방면10-4",섬식
4,명동,424,하행,회현,10-4,엘리베이터,0152-514,B1,"충무로 방면1-1, 회현 방면10-4",섬식
4,명동,424,상행,충무로,1-1,에스컬레이터,1800-724,B4,"회현 방면10-4, 충무로 방면1-1",섬식
4,명동,424,상행,충무로,10-4,에스컬레이터,1800-725,B4,"충무로 방면10-4, 회현 방면1-1",섬식
4,명동,424,하행,회현,1-1,에스컬레이터,1801-054,B4,"회현 방면1-1, 충무로 방면10-4",섬식
4,명동,424,하행,회현,10-4,계단,,,,섬식
4,명동,424,하행,회현,1-1,계단,,,,섬식
4,명동,424,상행,충무로,1-1,계단,,,,섬식
4,명동,424,상행,충무로,10-4,계단,,,,섬식
4,명동,424,상행,충무로,1-1,엘리베이터,0152-514,B1,"충무로 방면1-1, 회현 방면10-4",섬식
4,회현,425,상행,명동,10-1,엘리베이터,0003-716,B4,"서울역 방면1-4, 명동 방면10-1",섬식
4,회현,425,상행,명동,1-1,에스컬레이터,1801-681,B4,"서울역 방면10-4, 명동 방면1-1",섬식
4,회현,425,하행,서울역,10-4,에스컬레이터,1801-682,B4,"명동 방면1-1, 서울역 방면10-4",섬식
4,회현,425,하행,서울역,5-4,에스컬레이터,1801-683,B4,"명동 방면6-4, 서울역 방면5-4",섬식
4,회현,425,상행,명동,7-1,에스컬레이터,1801-684,B4,"서울역 방면4-4, 명동 방면7-1",섬식
4,회현,425,상행,명동,10-1,에스컬레이터,1801-685,B4,"서울역 방면1-4, 명동 방면10-1",섬식
4,회현,425,하행,서울역,2-1,에스컬레이터,1801-686,B4,"명동 방면9-4, 서울역 방면2-1",섬식
4,회현,425,하행,서울역,10-4,계단,,,,섬식
4,회현,425,하행,서울역,5-1,계단,,,,섬식
4,회현,425,하행,서울역,2-1,계단,,,,섬식
4,회현,425,하행,서울역,10-4,에스컬레이터,1801-681,B4,"서울역 방면10-4, 명동 방면1-1",섬식
4,회현,425,상행,명동,1-1,에스컬레이터,1801-682,B4,"명동 방면1-1, 서울역 방면10-4",섬식
4,회현,425,상행,명동,6-4,에스컬레이터,1801-683,B4,"명동 방면6-4, 서울역 방면5-4",섬식
4,회현,425,하행,서울역,4-4,에스컬레이터,1801-684,B4,"서울역 방면4-4, 명동 방면7-1",섬식
4,회현,425,하행,서울역,1-4,에스컬레이터,1801-685,B4,"서울역 방면1-4, 명동 방면10-1",섬식
4,회현,425,상행,명동,9-4,에스컬레이터,1801-686,B4,"명동 방면9-4, 서울역 방면2-1",섬식
4,회현,425,하행,서울역,1-4,엘리베이터,0003-716,B4,"서울역 방면1-4, 명동 방면10-1",섬식
4,회현,425,상행,명동,1-1,계단,,,,섬식
4,회현,425,상행,명동,6-4,계단,,,,섬식
4,회현,425,상행,명동,9-4,계단,,,,섬식
4,서울역,426,상행,회현,9-1,엘리베이터,0003-773,B2,"회현 방면9-1, 숙대입구 방면2-4",섬식
4,서울역,426,하행,숙대입구,2-4,엘리베이터,0003-773,B2,"회현 방면9-1, 숙대입구 방면2-4",섬식
4,서울역,426,상행,회현,1-1,에스컬레이터,1801-085,B2,"숙대입구 방면10-4, 회현 방면1-1",섬식
4,서울역,426,하행,숙대입구,10-4,에스컬레이터,1801-373,B2,"회현 방면1-1, 숙대입구 방면10-4",섬식
4,서울역,426,하행,숙대입구,10-4,에스컬레이터,1801-085,B2,"숙대입구 방면10-4, 회현 방면1-1",섬식
4,서울역,426,상행,회현,1-1,에스컬레이터,1801-373,B2,"회현 방면1-1, 숙대입구 방면10-4",섬식
4,서울역,426,하행,숙대입구,10-1,계단,,,,섬식
4,서울역,426,하행,숙대입구,8-2,계단,,,,섬식
4,서울역,426,하행,숙대입구,3-4,계단,,,,섬식
4,서울역,426,하행,숙대입구,2-1,계단,,,,섬식
4,서울역,426,상행,회현,1-4,계단,,,,섬식
4,서울역,426,상행,회현,3-3,계단,,,,섬식
4,서울역,426,상행,회현,8-1,계단,,,,섬식
4,서울역,426,상행,회현,9-4,계단,,,,섬식
4,숙대입구,427,상행,서울역,8-1,엘리베이터,0003-771,B2,서울역(4) 방면8-1,상대식
4,숙대입구,427,하행,삼각지,3-3,엘리베이터,0003-772,B2,삼각지 방면3-3,상대식
4,숙대입구,427,하행,삼각지,2-4,계단,,,,상대식
4,숙대입구,427,하행,삼각지,4-3,계단,,,,상대식
4,숙대입구,427,하행,삼각지,7-1,계단,,,,상대식
4,숙대입구,427,하행,삼각지,8-4,계단,,,,상대식
4,삼각지,428,상행,숙대입구,4-3,엘리베이터,0051-245,B2,숙대입구 방면4-3,상대식
4,삼각지,428,하행,신용산,7-2,엘리베이터,0051-246,B2,신용산 방면7-2,상대식
4,삼각지,428,상행,숙대입구,2-1,계단,,,,상대식
4,삼각지,428,상행,숙대입구,4-2,계단,,,,상대식
4,삼각지,428,상행,숙대입구,7-2,계단,,,,상대식
4,삼각지,428,상행,숙대입구,9-1,계단,,,,상대식
4,삼각지,428,하행,신용산,2-3,계단,,,,상대식
4,삼각지,428,하행,신용산,4-3,계단,,,,상대식
4,삼각지,428,하행,신용산,7-4,계단,,,,상대식
4,삼각지,428,하행,신용산,9-3,계단,,,,상대식
4,신용산,429,상행,삼각지,8-2,엘리베이터,0102-379,B2,삼각지 방면8-2,상대식
4,신용산,429,하행,이촌,3-2,엘리베이터,0102-380,B2,이촌 방면3-2,상대식
4,신용산,429,상행,삼각지,2-4,계단,,,,상대식
4,신용산,429,상행,삼각지,4-3,계단,,,,상대식
4,신용산,429,상행,삼각지,7-2,계단,,,,상대식
4,신용산,429,상행,삼각지,9-1,계단,,,,상대식
4,신용산,429,하행,이촌,2-3,계단,,,,상대식
4,신용산,429,하행,이촌,4-2,계단,,,,상대식
4,신용산,429,하행,이촌,7-1,계단,,,,상대식
4,신용산,429,하행,이촌,8-4,계단,,,,상대식
4,이촌,430,상행,신용산,8-1,엘리베이터,0003-769,B2,신용산 방면8-1,상대식
4,이촌,430,하행,동작,3-3,엘리베이터,0003-770,B2,동작 방면3-3,상대식
4,동작,431,상행,이촌,7-4,엘리베이터,0097-625,3F,이촌 방면7-4,상대식
4,동작,431,하행,총신대입구,4-4,엘리베이터,0031-516,3F,총신대입구 방면4-4,상대식
4,총신대입구,432,상행,동작,7-3,엘리베이터,0031-512,B2,동작 방면7-3,상대식
4,총신대입구,432,하행,사당,8-3,엘리베이터,0031-513,B2,사당(4) 방면8-3,상대식
4,총신대입구,432,상행,동작,9-2,계단,,,,상대식
4,총신대입구,432,하행,사당,2-3,계단,,,,상대식
4,총신대입구,432,하행,사당,4-2,계단,,,,상대식
4,총신대입구,432,하행,사당,7-3,계단,,,,상대식
4,사당,433,상행,총신대입구,9-2,엘리베이터,0097-112,B3,"총신대입구 방면9-2, 남태령 방면2-3",섬식
4,사당,433,하행,남태령,2-3,엘리베이터,0097-112,B3,"총신대입구 방면9-2, 남태령 방면2-3",섬식
4,사당,433,상행,총신대입구,10-4,에스컬레이터,1804-715,B3,"남태령 방면1-1, 총신대입구 방면10-4",섬식
4,사당,433,하행,남태령,1-1,에스컬레이터,1804-715,B3,"남태령 방면1-1, 총신대입구 방면10-4",섬식
4,사당,433,하행,남태령,1-1,계단,,,,섬식
4,사당,433,하행,남태령,5-2,계단,,,,섬식
4,사당,433,상행,총신대입구,10-4,계단,,,,섬식
4,사당,433,상행,총신대입구,6-3,계단,,,,섬식
4,남태령,434,하행,선바위,8-2,엘리베이터,0099-926,B3,"사당 방면3-3, 선바위 방면8-2",섬식
4,남태령,434,상행,사당,8-3,에스컬레이터,1802-114,B3,"사당 방면8-3, 선바위 방면3-2",섬식
4,남태령,434,하행,선바위,3-2,에스컬레이터,1802-113,B3,"선바위 방면3-2, 사당 방면8-3",섬식
4,남태령,434,상행,사당,3-3,엘리베이터,0099-926,B3,"사당 방면3-3, 선바위 방면8-2",섬식
4,남태령,434,하행,선바위,3-2,에스컬레이터,1802-114,B3,"사당 방면8-3, 선바위 방면3-2",섬식
4,남태령,434,상행,사당,8-3,에스컬레이터,1802-113,B3,"선바위 방면3-2, 사당 방면8-3",섬식
5,방화,510,상행,방화,4-1,엘리베이터,0097-206,B2,방화 방면4-1,복합식
5,방화,510,하행,개화산,5-4,엘리베이터,0097-207,B2,개화산 방면5-4,복합식
5,방화,510,상행,방화,4-2,계단,,,,복합식
5,방화,510,상행,방화,5-4,계단,,,,복합식
5,개화산,511,하행,김포공항,4-4,계단,,,,상대식
5,개화산,511,상행,방화,4-4,계단,,,,상대식
5,개화산,511,상행,방화,6-3,계단,,,,상대식
5,개화산,511,하행,김포공항,3-2,계단,,,,상대식
5,김포공항,512,상행,개화산,3-4,계단,,,,상대식
5,김포공항,512,상행,개화산,5-4,계단,,,,상대식
5,김포공항,512,하행,송정,3-4,계단,,,,상대식
5,김포공항,512,하행,송정,5-4,계단,,,,상대식
5,김포공항,512,상행,개화산,3-4,에스컬레이터,1808-085,B3,개화산 방면3-4,상대식
5,김포공항,512,상행,개화산,3-4,에스컬레이터,1808-086,B3,개화산 방면3-4,상대식
5,김포공항,512,하행,송정,3-4,에스컬레이터,1808-087,B3,송정 방면3-4,상대식
5,김포공항,512,하행,송정,3-4,에스컬레이터,1808-088,B3,송정 방면3-4,상대식
5,김포공항,512,상행,개화산,5-4,에스컬레이터,1808-089,B3,개화산 방면5-4,상대식
5,김포공항,512,상행,개화산,5-4,에스컬레이터,1808-090,B3,개화산 방면5-4,상대식
5,김포공항,512,하행,송정,5-4,에스컬레이터,1808-091,B3,송정 방면5-4,상대식
5,김포공항,512,하행,송정,5-4,에스컬레이터,1808-092,B3,송정 방면5-4,상대식
5,김포공항,512,상행,개화산,6-3,엘리베이터,0091-364,B3,개화산 방면6-3,상대식
5,김포공항,512,하행,송정,3-1,엘리베이터,0091-365,B3,송정 방면3-1,상대식
5,송정,513,상행,김포공항,3-4,계단,,,,상대식
5,송정,513,상행,김포공항,5-4,계단,,,,상대식
5,송정,513,하행,마곡,3-4,계단,,,,상대식
5,송정,513,하행,마곡,5-4,계단,,,,상대식
5,송정,513,상행,김포공항,5-1,엘리베이터,0097-632,B3,김포공항 방면5-1,상대식
5,송정,513,하행,마곡,5-1,엘리베이터,0097-633,B3,마곡 방면5-1,상대식
5,마곡,514,하행,발산,5-1,엘리베이터,0059-349,B2,발산 방면5-1,상대식
5,마곡,514,상행,송정,4-1,계단,,,,상대식
5,마곡,514,상행,송정,6-1,계단,,,,상대식
5,마곡,514,하행,발산,4-1,계단,,,,상대식
5,마곡,514,하행,발산,6-1,계단,,,,상대식
5,마곡,514,상행,송정,4-4,엘리베이터,0059-348,B2,송정 방면4-4,상대식
5,발산,515,상행,마곡,5-1,엘리베이터,0097-201,B2,마곡 방면5-1,상대식
5,발산,515,상행,마곡,4-1,계단,,,,상대식
5,발산,515,상행,마곡,6-1,계단,,,,상대식
5,발산,515,하행,우장산,3-4,계단,,,,상대식
5,발산,515,하행,우장산,5-4,계단,,,,상대식
5,발산,515,하행,우장산,4-3,엘리베이터,0097-202,B2,우장산 방면4-3,상대식
5,우장산,516,상행,발산,3-3,계단,,,,상대식
5,우장산,516,상행,발산,5-2,계단,,,,상대식
5,우장산,516,하행,화곡,4-3,계단,,,,상대식
5,우장산,516,하행,화곡,6-2,계단,,,,상대식
5,우장산,516,상행,발산,4-2,엘리베이터,0059-338,B2,발산 방면4-2,상대식
5,우장산,516,하행,화곡,5-3,엘리베이터,0059-339,B2,화곡 방면5-3,상대식
5,화곡,517,상행,우장산,1-1,계단,,,,섬식
5,화곡,517,상행,우장산,4-2,계단,,,,섬식
5,화곡,517,상행,우장산,6-3,계단,,,,섬식
5,화곡,517,상행,우장산,7-2,엘리베이터,0073-248,B2,"까치산 방면4-3, 우장산 방면7-2",섬식
5,화곡,517,하행,까치산,4-3,엘리베이터,0073-248,B2,"까치산 방면4-3, 우장산 방면7-2",섬식
5,화곡,517,하행,까치산,8-4,계단,,,,섬식
5,화곡,517,하행,까치산,5-3,계단,,,,섬식
5,화곡,517,하행,까치산,3-2,계단,,,,섬식
5,까치산,518,상행,화곡,1-1,계단,,,,상대식
5,까치산,518,하행,신정,8-4,계단,,,,상대식
5,까치산,518,상행,화곡,2-3,에스컬레이터,1807-670,B5,화곡 방면2-3,상대식
5,까치산,518,상행,화곡,2-3,에스컬레이터,1807-671,B5,화곡 방면2-3,상대식
5,까치산,518,하행,신정,7-2,에스컬레이터,1808-073,B5,신정 방면7-2,상대식
5,까치산,518,하행,신정,7-2,에스컬레이터,1808-074,B5,신정 방면7-2,상대식
5,까치산,518,상행,화곡,7-3,에스컬레이터,1807-711,B5,화곡 방면7-3,상대식
5,까치산,518,상행,화곡,7-3,에스컬레이터,1807-712,B5,화곡 방면7-3,상대식
5,까치산,518,하행,신정,2-2,에스컬레이터,1808-077,B5,신정 방면2-2,상대식
5,까치산,518,하행,신정,2-2,에스컬레이터,1808-078,B5,신정 방면2-2,상대식
5,신정,519,상행,까치산,8-4,계단,,,,상대식
5,신정,519,하행,목동,1-1,계단,,,,상대식
5,신정,519,상행,까치산,1-1,에스컬레이터,1811-085,B3,까치산 방면1-1,상대식
5,신정,519,상행,까치산,1-1,에스컬레이터,1811-086,B3,까치산 방면1-1,상대식
5,신정,519,하행,목동,8-4,에스컬레이터,1811-087,B3,목동 방면8-4,상대식
5,신정,519,하행,목동,8-4,에스컬레이터,1811-088,B3,목동 방면8-4,상대식
5,신정,519,상행,까치산,8-1,엘리베이터,0097-211,B3,까치산 방면8-1,상대식
5,신정,519,하행,목동,1-4,엘리베이터,0097-212,B3,목동 방면1-4,상대식
5,목동,520,상행,신정,4-1,계단,,,,상대식
5,목동,520,상행,신정,5-4,계단,,,,상대식
5,목동,520,하행,오목교,4-1,계단,,,,상대식
5,목동,520,하행,오목교,5-4,계단,,,,상대식
5,목동,520,상행,신정,5-1,엘리베이터,0059-308,B2,신정 방면5-1,상대식
5,목동,520,하행,오목교,4-4,엘리베이터,0059-309,B2,오목교 방면4-4,상대식
5,오목교,521,상행,목동,4-1,계단,,,,상대식
5,오목교,521,하행,양평,5-4,계단,,,,상대식
5,오목교,521,상행,목동,6-3,에스컬레이터,1809-956,B3,목동 방면6-3,상대식
5,오목교,521,상행,목동,7-1,엘리베이터,0059-198,B3,목동 방면7-1,상대식
5,오목교,521,하행,양평,2-4,엘리베이터,0058-164,B3,양평 방면2-4,상대식
5,오목교,521,상행,목동,6-3,에스컬레이터,1809-957,B3,목동 방면6-3,상대식
5,오목교,521,하행,양평,3-2,에스컬레이터,1809-958,B3,양평 방면3-2,상대식
5,오목교,521,하행,양평,3-2,에스컬레이터,1809-959,B3,양평 방면3-2,상대식
5,양평,522,상행,오목교,2-3,계단,,,,상대식
5,양평,522,상행,오목교,4-3,계단,,,,상대식
5,양평,522,하행,영등포구청,5-2,계단,,,,상대식
5,양평,522,하행,영등포구청,7-2,계단,,,,상대식
5,양평,522,상행,오목교,3-2,엘리베이터,0059-371,B5,오목교 방면3-2,상대식
5,양평,522,하행,영등포구청,6-3,엘리베이터,0059-372,B5,영등포구청 방면6-3,상대식
5,영등포구청,523,상행,양평,2-4,계단,,,,상대식
5,영등포구청,523,상행,양평,4-4,계단,,,,상대식
5,영등포구청,523,상행,양평,7-2,계단,,,,상대식
5,영등포구청,523,하행,영등포시장,2-3,계단,,,,상대식
5,영등포구청,523,하행,영등포시장,5-1,계단,,,,상대식
5,영등포구청,523,하행,영등포시장,7-1,계단,,,,상대식
5,영등포구청,523,상행,양평,7-2,에스컬레이터,1808-284,B5,양평 방면7-2,상대식
5,영등포구청,523,상행,양평,7-2,에스컬레이터,1808-285,B5,양평 방면7-2,상대식
5,영등포구청,523,하행,영등포시장,2-3,에스컬레이터,1808-375,B5,영등포시장 방면2-3,상대식
5,영등포구청,523,하행,영등포시장,5-4,엘리베이터,0097-662,B5,영등포시장 방면5-4,상대식
5,영등포구청,523,상행,양평,8-4,엘리베이터,0109-790,B5,양평 방면8-4,상대식
5,영등포구청,523,하행,영등포시장,1-1,엘리베이터,0149-121,B5,영등포시장 방면1-1,상대식
5,영등포시장,524,상행,영등포구청,4-4,계단,,,,상대식
5,영등포시장,524,상행,영등포구청,5-1,계단,,,,상대식
5,영등포시장,524,하행,신길,4-3,계단,,,,상대식
5,영등포시장,524,하행,신길,5-1,계단,,,,상대식
5,영등포시장,524,상행,영등포구청,4-3,엘리베이터,0059-374,B6,영등포구청 방면4-3,상대식
5,영등포시장,524,하행,신길,5-2,엘리베이터,0059-373,B6,신길 방면5-2,상대식
5,신길,525,상행,영등포시장,7-3,에스컬레이터,1804-428,B4,영등포시장 방면7-3,상대식
5,신길,525,하행,여의도,2-2,에스컬레이터,1804-429,B4,여의도 방면2-2,상대식
5,신길,525,상행,영등포시장,4-3,계단,,,,상대식
5,신길,525,상행,영등포시장,6-3,계단,,,,상대식
5,신길,525,상행,영등포시장,7-2,계단,,,,상대식
5,신길,525,하행,여의도,2-2,계단,,,,상대식
5,신길,525,하행,여의도,3-2,계단,,,,상대식
5,신길,525,하행,여의도,5-2,계단,,,,상대식
5,신길,525,상행,영등포시장,7-3,에스컬레이터,1804-427,B4,영등포시장 방면7-3,상대식
5,신길,525,상행,영등포시장,5-3,엘리베이터,0031-300,B4,영등포시장 방면5-3,상대식
5,신길,525,하행,여의도,4-2,엘리베이터,0031-312,B4,여의도 방면4-2,상대식
5,신길,525,하행,여의도,1-1,엘리베이터,0109-789,B4,여의도 방면1-1,상대식
5,신길,525,상행,영등포시장,8-4,엘리베이터,0140-313,B4,영등포시장 방면8-4,상대식
5,여의도,526,상행,신길,2-1,계단,,,,상대식
5,여의도,526,상행,신길,4-1,계단,,,,상대식
5,여의도,526,상행,신길,5-4,계단,,,,상대식
5,여의도,526,상행,신길,7-4,계단,,,,상대식
5,여의도,526,하행,여의나루,2-1,계단,,,,상대식
5,여의도,526,하행,여의나루,4-1,계단,,,,상대식
5,여의도,526,하행,여의나루,5-4,계단,,,,상대식
5,여의도,526,하행,여의나루,7-4,계단,,,,상대식
5,여의도,526,상행,신길,6-4,엘리베이터,0058-165,B4,신길 방면6-4,상대식
5,여의도,526,하행,여의나루,6-4,엘리베이터,0021-285,B4,여의나루 방면6-4,상대식
5,여의나루,527,하행,마포,3-3,엘리베이터,0097-671,B5,"여의도 방면6-2, 마포 방면3-3",섬식
5,여의나루,527,상행,여의도,5-2,계단,,,,섬식
5,여의나루,527,상행,여의도,7-3,계단,,,,섬식
5,여의나루,527,하행,마포,4-3,계단,,,,섬식
5,여의나루,527,하행,마포,2-2,계단,,,,섬식
5,여의나루,527,상행,여의도,6-2,엘리베이터,0097-671,B5,"여의도 방면6-2, 마포 방면3-3",섬식
5,마포,528,상행,여의나루,5-1,엘리베이터,0040-716,B5,"여의나루 방면5-1, 공덕 방면4-4",섬식
5,마포,528,하행,공덕,4-4,엘리베이터,0040-716,B5,"여의나루 방면5-1, 공덕 방면4-4",섬식
5,마포,528,상행,여의나루,3-4,계단,,,,섬식
5,마포,528,상행,여의나루,5-4,계단,,,,섬식
5,마포,528,하행,공덕,6-1,계단,,,,섬식
5,마포,528,하행,공덕,4-1,계단,,,,섬식
5,공덕,529,하행,애오개,8-4,엘리베이터,0102-136,B3,"환승통로(애오개 방면8-4, 마포 방면1-1)",섬식
5,공덕,529,상행,마포,1-1,엘리베이터,0102-136,B3,"환승통로(애오개 방면8-4, 마포 방면1-1)",섬식
5,공덕,529,하행,애오개,8-4,에스컬레이터,1808-903,B3,"환승통로(애오개 방면8-4, 마포 방면1-1)",섬식
5,공덕,529,하행,애오개,8-4,에스컬레이터,1808-904,B3,"환승통로(애오개 방면8-4, 마포 방면1-1)",섬식
5,공덕,529,상행,마포,1-1,에스컬레이터,1808-903,B3,"환승통로(애오개 방면8-4, 마포 방면1-1)",섬식
5,공덕,529,상행,마포,1-1,에스컬레이터,1808-905,B3,"마포 방면1-1, 애오개 방면8-4",섬식
5,공덕,529,상행,마포,1-1,에스컬레이터,1808-904,B3,"환승통로(애오개 방면8-4, 마포 방면1-1)",섬식
5,공덕,529,상행,마포,1-1,에스컬레이터,1808-906,B3,"마포 방면1-1, 애오개 방면8-4",섬식
5,공덕,529,하행,애오개,8-4,에스컬레이터,1808-905,B3,"마포 방면1-1, 애오개 방면8-4",섬식
5,공덕,529,하행,애오개,8-4,에스컬레이터,1808-906,B3,"마포 방면1-1, 애오개 방면8-4",섬식
5,공덕,529,상행,마포,3-2,계단,,,,섬식
5,공덕,529,상행,마포,5-2,계단,,,,섬식
5,공덕,529,하행,애오개,6-3,계단,,,,섬식
5,공덕,529,하행,애오개,4-3,계단,,,,섬식
5,애오개,530,상행,공덕,4-4,엘리베이터,0102-183,B4,공덕 방면4-4,상대식
5,애오개,530,하행,충정로,5-1,엘리베이터,0102-184,B4,충정로 방면5-1,상대식
5,애오개,530,상행,공덕,3-4,계단,,,,상대식
5,애오개,530,상행,공덕,5-4,계단,,,,상대식
5,애오개,530,하행,충정로,3-4,계단,,,,상대식
5,애오개,530,하행,충정로,5-4,계단,,,,상대식
5,충정로,531,하행,서대문,6-2,엘리베이터,0040-426,B5,"애오개 방면3-3, 서대문 방면6-2",섬식
5,충정로,531,상행,애오개,3-3,엘리베이터,0040-426,B5,"애오개 방면3-3, 서대문 방면6-2",섬식
5,충정로,531,상행,애오개,4-1,계단,,,,섬식
5,충정로,531,상행,애오개,6-1,계단,,,,섬식
5,충정로,531,하행,서대문,5-4,계단,,,,섬식
5,충정로,531,하행,서대문,3-4,계단,,,,섬식
5,서대문,532,하행,광화문,6-3,엘리베이터,0000-441,B4,"충정로 방면3-2, 광화문 방면6-3",섬식
5,서대문,532,상행,충정로,3-2,엘리베이터,0000-441,B4,"충정로 방면3-2, 광화문 방면6-3",섬식
5,서대문,532,상행,충정로,3-2,계단,,,,섬식
5,서대문,532,상행,충정로,6-2,계단,,,,섬식
5,서대문,532,하행,광화문,6-3,계단,,,,섬식
5,서대문,532,하행,광화문,3-3,계단,,,,섬식
5,광화문,533,하행,종로3가,8-4,엘리베이터,0000-732,B4,"서대문 방면1-1, 종로3가 방면8-4",섬식
5,광화문,533,상행,서대문,1-1,에스컬레이터,1800-311,B4,"서대문 방면1-1, 종로3가 방면8-4",섬식
5,광화문,533,상행,서대문,1-1,엘리베이터,0000-732,B4,"서대문 방면1-1, 종로3가 방면8-4",섬식
5,광화문,533,하행,종로3가,8-4,에스컬레이터,1800-311,B4,"서대문 방면1-1, 종로3가 방면8-4",섬식
5,광화문,533,상행,서대문,1-1,에스컬레이터,1800-312,B4,"서대문 방면1-1, 종로3가 방면8-4",섬식
5,광화문,533,하행,종로3가,8-4,에스컬레이터,1800-312,B4,"서대문 방면1-1, 종로3가 방면8-4",섬식
5,광화문,533,하행,종로3가,8-4,엘리베이터,0139-079,B4,"서대문 방면1-1, 종로3가 방면8-4",섬식
5,광화문,533,상행,서대문,1-1,계단,,,,섬식
5,광화문,533,상행,서대문,8-4,계단,,,,섬식
5,광화문,533,하행,종로3가,8-4,계단,,,,섬식
5,광화문,533,하행,종로3가,1-1,계단,,,,섬식
5,광화문,533,상행,서대문,1-1,엘리베이터,0139-079,B4,"서대문 방면1-1, 종로3가 방면8-4",섬식
5,종로3가,534,하행,을지로4가,1-1,엘리베이터,0114-148,B5,"환승통로(광화문 방면8-4, 을지로4가 방면1-1)",섬식
5,종로3가,534,상행,광화문,1-1,에스컬레이터,1800-008,B5,"광화문 방면1-1, 을지로4가 방면8-4",섬식
5,종로3가,534,상행,광화문,1-1,에스컬레이터,1800-009,B5,"광화문 방면1-1, 을지로4가 방면8-4",섬식
5,종로3가,534,하행,을지로4가,8-4,에스컬레이터,1800-008,B5,"광화문 방면1-1, 을지로4가 방면8-4",섬식
5,종로3가,534,상행,광화문,8-4,에스컬레이터,1800-012,B5,"환승통로(광화문 방면8-4, 을지로4가 방면1-1)",섬식
5,종로3가,534,하행,을지로4가,8-4,에스컬레이터,1800-009,B5,"광화문 방면1-1, 을지로4가 방면8-4",섬식
5,종로3가,534,상행,광화문,8-4,에스컬레이터,1800-013,B5,"환승통로(광화문 방면8-4, 을지로4가 방면1-1)",섬식
5,종로3가,534,하행,을지로4가,1-1,에스컬레이터,1800-012,B5,"환승통로(광화문 방면8-4, 을지로4가 방면1-1)",섬식
5,종로3가,534,상행,광화문,8-4,에스컬레이터,1800-014,B5,"환승통로(광화문 방면8-4, 을지로4가 방면1-1)",섬식
5,종로3가,534,하행,을지로4가,1-1,에스컬레이터,1800-013,B5,"환승통로(광화문 방면8-4, 을지로4가 방면1-1)",섬식
5,종로3가,534,상행,광화문,8-4,에스컬레이터,1800-017,B5,"환승통로(광화문 방면8-4, 을지로4가 방면1-1)",섬식
5,종로3가,534,하행,을지로4가,1-1,에스컬레이터,1800-014,B5,"환승통로(광화문 방면8-4, 을지로4가 방면1-1)",섬식
5,종로3가,534,하행,을지로4가,1-1,에스컬레이터,1800-017,B5,"환승통로(광화문 방면8-4, 을지로4가 방면1-1)",섬식
5,종로3가,534,상행,광화문,8-4,엘리베이터,0114-148,B5,"환승통로(광화문 방면8-4, 을지로4가 방면1-1)",섬식
5,종로3가,534,하행,을지로4가,1-1,엘리베이터,0164-984,B1,"광화문 방면8-4, 을지로4가 방면1-1",섬식
5,종로3가,534,상행,광화문,8-4,계단,,,,섬식
5,종로3가,534,하행,을지로4가,1-1,계단,,,,섬식
5,종로3가,534,상행,광화문,8-4,엘리베이터,0164-984,B1,"광화문 방면8-4, 을지로4가 방면1-1",섬식
5,을지로4가,535,상행,종로3가,10-4,엘리베이터,0113-923,B5,"동대문역사문화공원 방면 1-1, 종로3가 방면 10-4",섬식
5,을지로4가,535,하행,동대문역사문화공원,1-4,에스컬레이터,1800-746,B5,"환승통로(동대문역사문화공원 방면1-4, 종로3가 방면8-1)",섬식
5,을지로4가,535,하행,동대문역사문화공원,1-4,에스컬레이터,1800-745,B5,"환승통로(동대문역사문화공원 방면1-4, 종로3가 방면8-1)",섬식
5,을지로4가,535,상행,종로3가,8-1,에스컬레이터,1800-746,B5,"환승통로(동대문역사문화공원 방면1-4, 종로3가 방면8-1)",섬식
5,을지로4가,535,하행,동대문역사문화공원,1-1,에스컬레이터,1800-747,B5,"환승통로(동대문역사문화공원 방면1-1, 종로3가 방면8-4)",섬식
5,을지로4가,535,상행,종로3가,8-1,에스컬레이터,1800-745,B5,"환승통로(동대문역사문화공원 방면1-4, 종로3가 방면8-1)",섬식
5,을지로4가,535,상행,종로3가,8-4,에스컬레이터,1800-747,B5,"환승통로(동대문역사문화공원 방면1-1, 종로3가 방면8-4)",섬식
5,을지로4가,535,하행,동대문역사문화공원,1-1,에스컬레이터,1800-748,B5,"환승통로(동대문역사문화공원 방면1-1, 종로3가 방면8-4)",섬식
5,을지로4가,535,상행,종로3가,8-4,에스컬레이터,1800-748,B5,"환승통로(동대문역사문화공원 방면1-1, 종로3가 방면8-4)",섬식
5,을지로4가,535,상행,종로3가,5-3,계단,,,,섬식
5,을지로4가,535,하행,동대문역사문화공원,1-1,엘리베이터,0113-923,B5,"동대문역사문화공원 방면 1-1, 종로3가 방면 10-4",섬식
5,을지로4가,535,상행,종로3가,8-1,계단,,,,섬식
5,을지로4가,535,하행,동대문역사문화공원,4-2,계단,,,,섬식
5,을지로4가,535,하행,동대문역사문화공원,1-4,계단,,,,섬식
5,동대문역사문화공원,536,상행,을지로4가,8-4,엘리베이터,0113-922,B5,"청구 방면1-1, 을지로4가 방면8-4",섬식
5,동대문역사문화공원,536,상행,을지로4가,1-1,계단,,,,섬식
5,동대문역사문화공원,536,하행,청구,1-1,엘리베이터,0113-922,B5,"청구 방면1-1, 을지로4가 방면8-4",섬식
5,동대문역사문화공원,536,하행,청구,8-4,계단,,,,섬식
5,청구,537,하행,신금호,5-3,엘리베이터,0104-443,B2,"신금호 방면5-3, 동대문역사문화공원 방면4-1",섬식
5,청구,537,상행,동대문역사문화공원,4-1,엘리베이터,0104-443,B2,"신금호 방면5-3, 동대문역사문화공원 방면4-1",섬식
5,청구,537,상행,동대문역사문화공원,2-4,계단,,,,섬식
5,청구,537,상행,동대문역사문화공원,5-1,계단,,,,섬식
5,청구,537,하행,신금호,7-1,계단,,,,섬식
5,청구,537,하행,신금호,4-4,계단,,,,섬식
5,신금호,538,하행,행당,3-4,에스컬레이터,1808-967,B8,"행당 방면3-4, 청구 방면5-3",섬식
5,신금호,538,하행,행당,3-4,에스컬레이터,1808-968,B8,"행당 방면3-4, 청구 방면5-3",섬식
5,신금호,538,하행,행당,8-3,엘리베이터,0102-334,B8,"청구 방면1-2, 행당 방면8-3",섬식
5,신금호,538,하행,행당,8-3,엘리베이터,0102-335,B8,"청구 방면1-2, 행당 방면8-3",섬식
5,신금호,538,상행,청구,5-3,계단,,,,섬식
5,신금호,538,상행,청구,5-3,에스컬레이터,1808-967,B8,"행당 방면3-4, 청구 방면5-3",섬식
5,신금호,538,상행,청구,1-2,엘리베이터,0102-334,B8,"청구 방면1-2, 행당 방면8-3",섬식
5,신금호,538,상행,청구,5-3,에스컬레이터,1808-968,B8,"행당 방면3-4, 청구 방면5-3",섬식
5,신금호,538,상행,청구,1-2,엘리베이터,0102-335,B8,"청구 방면1-2, 행당 방면8-3",섬식
5,신금호,538,하행,행당,4-2,계단,,,,섬식
5,행당,539,상행,신금호,3-4,계단,,,,상대식
5,행당,539,상행,신금호,5-4,계단,,,,상대식
5,행당,539,하행,왕십리,4-1,계단,,,,상대식
5,행당,539,하행,왕십리,6-1,계단,,,,상대식
5,행당,539,상행,신금호,4-4,엘리베이터,0103-811,B5,신금호 방면4-4,상대식
5,행당,539,하행,왕십리,5-1,엘리베이터,0103-812,B5,왕십리 방면5-1,상대식
5,왕십리,540,상행,행당,2-3,계단,,,,상대식
5,왕십리,540,상행,행당,4-3,계단,,,,상대식
5,왕십리,540,하행,마장,5-2,계단,,,,상대식
5,왕십리,540,하행,마장,7-2,계단,,,,상대식
5,왕십리,540,상행,행당,3-3,엘리베이터,0103-813,B5,행당 방면3-3,상대식
5,왕십리,540,하행,마장,6-2,엘리베이터,0103-814,B5,마장 방면6-2,상대식
5,마장,541,상행,왕십리,3-4,계단,,,,상대식
5,마장,541,상행,왕십리,5-4,계단,,,,상대식
5,마장,541,하행,답십리,4-1,계단,,,,상대식
5,마장,541,하행,답십리,6-1,계단,,,,상대식
5,마장,541,상행,왕십리,4-4,엘리베이터,0103-825,B3,왕십리 방면4-4,상대식
5,마장,541,하행,답십리,5-1,엘리베이터,0103-826,B3,답십리 방면5-1,상대식
5,답십리,542,상행,마장,4-1,계단,,,,상대식
5,답십리,542,상행,마장,5-4,계단,,,,상대식
5,답십리,542,하행,장한평,4-1,계단,,,,상대식
5,답십리,542,하행,장한평,5-4,계단,,,,상대식
5,답십리,542,상행,마장,4-4,엘리베이터,0104-440,B3,마장 방면4-4,상대식
5,답십리,542,하행,장한평,5-1,엘리베이터,0104-441,B3,장한평 방면5-1,상대식
5,장한평,543,하행,군자,5-2,엘리베이터,0028-329,B3,"답십리 방면4-2, 군자 방면5-2",섬식
5,장한평,543,상행,답십리,3-3,계단,,,,섬식
5,장한평,543,하행,군자,6-2,계단,,,,섬식
5,장한평,543,상행,답십리,4-2,엘리베이터,0028-329,B3,"답십리 방면4-2, 군자 방면5-2",섬식
5,군자,544,하행,아차산,4-1,엘리베이터,0028-991,B2,"장한평 방면5-3, 아차산 방면4-1",섬식
5,군자,544,하행,아차산,5-1,엘리베이터,0028-260,B2,"장한평 방면4-3, 아차산 방면5-1",섬식
5,군자,544,상행,장한평,1-1,계단,,,,섬식
5,군자,544,상행,장한평,1-1,계단,,,,섬식
5,군자,544,상행,장한평,8-4,계단,,,,섬식
5,군자,544,상행,장한평,8-4,계단,,,,섬식
5,군자,544,하행,아차산,8-4,계단,,,,섬식
5,군자,544,하행,아차산,8-4,계단,,,,섬식
5,군자,544,하행,아차산,1-1,계단,,,,섬식
5,군자,544,하행,아차산,1-1,계단,,,,섬식
5,군자,544,상행,장한평,5-3,엘리베이터,0028-991,B2,"장한평 방면5-3, 아차산 방면4-1",섬식
5,군자,544,상행,장한평,4-3,엘리베이터,0028-260,B2,"장한평 방면4-3, 아차산 방면5-1",섬식
5,아차산,545,상행,군자,3-3,계단,,,,상대식
5,아차산,545,상행,군자,5-4,계단,,,,상대식
5,아차산,545,하행,광나루,4-1,계단,,,,상대식
5,아차산,545,하행,광나루,6-2,계단,,,,상대식
5,아차산,545,상행,군자,6-1,엘리베이터,0027-016,B3,군자 방면6-1,상대식
5,아차산,545,하행,광나루,3-4,엘리베이터,0028-339,B3,광나루 방면3-4,상대식
5,광나루,546,상행,아차산,4-1,계단,,,,상대식
5,광나루,546,상행,아차산,6-2,계단,,,,상대식
5,광나루,546,하행,천호,3-3,계단,,,,상대식
5,광나루,546,하행,천호,5-4,계단,,,,상대식
5,광나루,546,상행,아차산,5-1,엘리베이터,0028-404,B3,아차산 방면5-1,상대식
5,광나루,546,하행,천호,4-4,엘리베이터,0028-405,B3,천호 방면4-4,상대식
5,천호,547,상행,광나루,5-1,계단,,,,상대식
5,천호,547,상행,광나루,7-1,계단,,,,상대식
5,천호,547,하행,강동,2-4,계단,,,,상대식
5,천호,547,하행,강동,4-4,계단,,,,상대식
5,천호,547,상행,광나루,6-1,엘리베이터,0112-626,B3,광나루 방면6-1,상대식
5,천호,547,하행,강동,4-1,엘리베이터,0075-646,B3,강동 방면4-1,상대식
5,강동,548,상행,천호,8-4,에스컬레이터,1802-523,B4,천호 방면8-4,복합식
5,강동,548,상행,천호,8-4,에스컬레이터,1802-524,B4,천호 방면8-4,복합식
5,강동,548,상행,천호,1-1,계단,,,,복합식
5,강동,548,상행,천호,8-4,계단,,,,복합식
5,강동,548,하행,길동,1-1,계단,,,,복합식
5,강동,548,하행,길동,8-4,계단,,,,복합식
5,강동,548,하행,둔촌동,1-1,에스컬레이터,1802-525,B4,둔촌동 방면1-1,복합식
5,강동,548,하행,둔촌동,1-1,에스컬레이터,1802-526,B4,둔촌동 방면1-1,복합식
5,강동,548,상행,천호,1-2,엘리베이터,0162-506,B4,천호 방면1-2,복합식
5,강동,548,하행,둔촌동,8-3,엘리베이터,0078-217,B4,둔촌동 방면8-3,복합식
5,길동,549,상행,강동,4-1,계단,,,,상대식
5,길동,549,상행,강동,6-2,계단,,,,상대식
5,길동,549,하행,굽은다리,3-3,계단,,,,상대식
5,길동,549,하행,굽은다리,5-4,계단,,,,상대식
5,길동,549,상행,강동,5-1,엘리베이터,0008-835,B3,강동 방면5-1,상대식
5,길동,549,하행,굽은다리,4-4,엘리베이터,0008-836,B3,굽은다리 방면4-4,상대식
5,굽은다리,550,상행,길동,4-1,계단,,,,상대식
5,굽은다리,550,상행,길동,5-4,계단,,,,상대식
5,굽은다리,550,하행,명일,4-1,계단,,,,상대식
5,굽은다리,550,하행,명일,5-4,계단,,,,상대식
5,굽은다리,550,상행,길동,6-3,엘리베이터,0011-271,B2,길동 방면6-3,상대식
5,굽은다리,550,하행,명일,"3-2,3-3 사이",엘리베이터,0011-272,B2,"명일 방면3-2,3-3 사이",상대식
5,명일,551,상행,굽은다리,4-1,계단,,,,상대식
5,명일,551,상행,굽은다리,6-2,계단,,,,상대식
5,명일,551,하행,고덕,3-3,계단,,,,상대식
5,명일,551,하행,고덕,6-1,계단,,,,상대식
5,명일,551,상행,굽은다리,5-2,엘리베이터,0008-833,B2,굽은다리 방면5-2,상대식
5,명일,551,하행,고덕,"4-3,4-4 사이",엘리베이터,0008-834,B2,"고덕 방면4-3,4-4 사이",상대식
5,고덕,552,하행,상일동,6-1,엘리베이터,0056-958,B2,상일동 방면6-1,상대식
5,고덕,552,상행,명일,4-3,계단,,,,상대식
5,고덕,552,상행,명일,6-1,계단,,,,상대식
5,고덕,552,하행,상일동,3-4,계단,,,,상대식
5,고덕,552,하행,상일동,5-2,계단,,,,상대식
5,고덕,552,상행,명일,4-1,엘리베이터,0012-583,B2,명일 방면4-1,상대식
5,상일동,553,하행,강일,3-4,엘리베이터,0169-279,,"고덕 방면6-1, 강일 방면3-4",복합식
5,상일동,553,상행,고덕,1-1,계단,,,,복합식
5,상일동,553,상행,고덕,8-4,계단,,,,복합식
5,상일동,553,상행,고덕,6-1,엘리베이터,0169-278,,고덕 방면6-1,복합식
5,상일동,553,상행,고덕,6-1,엘리베이터,0169-279,,"고덕 방면6-1, 강일 방면3-4",복합식
5,둔촌동,P549,상행,강동,3-4,계단,,,,상대식
5,둔촌동,P549,상행,강동,5-4,계단,,,,상대식
5,둔촌동,P549,하행,올림픽공원,3-4,계단,,,,상대식
5,둔촌동,P549,하행,올림픽공원,5-4,계단,,,,상대식
5,둔촌동,P549,상행,강동,5-1,엘리베이터,0011-274,B2,강동 방면5-1,상대식
5,둔촌동,P549,하행,올림픽공원,5-1,엘리베이터,0011-275,B2,올림픽공원 방면5-1,상대식
5,올림픽공원,P550,상행,둔촌동,6-1,에스컬레이터,1809-917,B2,둔촌동 방면6-1,상대식
5,올림픽공원,P550,상행,둔촌동,6-1,에스컬레이터,1809-920,B2,둔촌동 방면6-1,상대식
5,올림픽공원,P550,하행,방이,3-4,에스컬레이터,1811-199,B2,방이 방면3-4,상대식
5,올림픽공원,P550,하행,방이,3-4,에스컬레이터,1811-200,B2,방이 방면3-4,상대식
5,올림픽공원,P550,상행,둔촌동,4-1,계단,,,,상대식
5,올림픽공원,P550,상행,둔촌동,5-4,계단,,,,상대식
5,올림픽공원,P550,하행,방이,4-1,계단,,,,상대식
5,올림픽공원,P550,상행,둔촌동,3-2,엘리베이터,0077-287,B2,둔촌동 방면3-2,상대식
5,올림픽공원,P550,하행,방이,6-3,엘리베이터,0077-288,B2,방이 방면6-3,상대식
5,방이,P551,상행,올림픽공원,4-1,계단,,,,상대식
5,방이,P551,상행,올림픽공원,5-4,계단,,,,상대식
5,방이,P551,하행,오금,4-1,계단,,,,상대식
5,방이,P551,하행,오금,5-4,계단,,,,상대식
5,방이,P551,상행,올림픽공원,4-4,엘리베이터,0087-288,B2,올림픽공원 방면4-4,상대식
5,방이,P551,하행,오금,5-1,엘리베이터,0087-289,B2,오금 방면5-1,상대식
5,오금,P552,상행,방이,4-4,엘리베이터,0011-361,B2,방이 방면4-4,상대식
5,오금,P552,하행,개롱,5-1,엘리베이터,0011-362,B2,개롱 방면5-1,상대식
5,오금,P552,상행,방이,8-4,엘리베이터,0078-506,B2,환승통로(방이 방면8-4),상대식
5,오금,P552,하행,개롱,1-1,엘리베이터,0078-507,B2,환승통로(개롱 방면1-1),상대식
5,오금,P552,상행,방이,8-2,에스컬레이터,1805-670,B2,환승통로(방이 방면8-2),상대식
5,오금,P552,하행,개롱,1-3,에스컬레이터,1805-671,B2,환승통로(개롱 방면1-3),상대식
5,오금,P552,하행,개롱,1-3,에스컬레이터,1805-672,B2,환승통로(개롱 방면1-3),상대식
5,오금,P552,상행,방이,8-2,에스컬레이터,1805-669,B2,환승통로(방이 방면8-2),상대식
5,오금,P552,상행,방이,4-1,계단,,,,상대식
5,오금,P552,상행,방이,5-4,계단,,,,상대식
5,오금,P552,상행,방이,8-2,계단,,,,상대식
5,오금,P552,하행,개롱,1-3,계단,,,,상대식
5,오금,P552,하행,개롱,4-1,계단,,,,상대식
5,오금,P552,하행,개롱,5-4,계단,,,,상대식
5,개롱,P553,상행,오금,5-1,엘리베이터,0065-940,B2,오금 방면5-1,상대식
5,개롱,P553,하행,거여,4-4,엘리베이터,0065-910,B2,거여 방면4-4,상대식
5,개롱,P553,상행,오금,4-1,계단,,,,상대식
5,개롱,P553,상행,오금,5-4,계단,,,,상대식
5,개롱,P553,하행,거여,4-1,계단,,,,상대식
5,개롱,P553,하행,거여,5-4,계단,,,,상대식
5,거여,P554,상행,개롱,6-2,엘리베이터,0089-595,B2,개롱 방면6-2,상대식
5,거여,P554,하행,마천,3-2,엘리베이터,0011-364,B2,마천 방면3-2,상대식
5,거여,P554,상행,개롱,4-1,계단,,,,상대식
5,거여,P554,상행,개롱,5-4,계단,,,,상대식
5,거여,P554,하행,마천,4-1,계단,,,,상대식
5,거여,P554,하행,마천,5-4,계단,,,,상대식
5,마천,P555,하행,마천,5-2,엘리베이터,0009-741,B3,마천 방면5-2,상대식
5,마천,P555,상행,거여,3-1,에스컬레이터,1801-971,B3,거여 방면3-1,상대식
5,마천,P555,상행,거여,3-1,에스컬레이터,1801-972,B3,거여 방면3-1,상대식
5,마천,P555,하행,마천,6-4,에스컬레이터,1801-973,B3,마천 방면6-4,상대식
5,마천,P555,하행,마천,6-4,에스컬레이터,1801-974,B3,마천 방면6-4,상대식
5,마천,P555,상행,거여,5-4,계단,,,,상대식
5,마천,P555,하행,마천,4-1,계단,,,,상대식
5,마천,P555,상행,거여,4-3,엘리베이터,0155-881,B3,거여 방면4-3,상대식
5,강일,554,상행,상일동,2-3,에스컬레이터,1811-741,B3,상일동 방면2-3,상대식
5,강일,554,상행,상일동,2-3,에스컬레이터,1811-742,B3,상일동 방면2-3,상대식
5,강일,554,하행,미사,7-2,에스컬레이터,1811-743,B3,미사 방면7-2,상대식
5,강일,554,하행,미사,7-2,에스컬레이터,1811-744,B3,미사 방면7-2,상대식
5,강일,554,상행,상일동,7-2,에스컬레이터,1811-745,B3,상일동 방면7-2,상대식
5,강일,554,상행,상일동,7-2,에스컬레이터,1811-746,B3,상일동 방면7-2,상대식
5,강일,554,하행,미사,2-3,에스컬레이터,1811-747,B3,미사 방면2-3,상대식
5,강일,554,하행,미사,2-3,에스컬레이터,1811-748,B3,미사 방면2-3,상대식
5,강일,554,상행,상일동,1-2,엘리베이터,0140-721,B3,상일동 방면1-2,상대식
5,강일,554,하행,미사,8-3,엘리베이터,0140-722,B3,미사 방면8-3,상대식
5,강일,554,상행,상일동,8-3,엘리베이터,0140-723,B3,상일동 방면8-3,상대식
5,강일,554,하행,미사,1-2,엘리베이터,0140-724,B3,미사 방면1-2,상대식
5,미사,555,상행,강일,5-1,엘리베이터,2231-268,B2,강일 방면5-1,상대식
5,미사,555,하행,하남풍산,5-1,엘리베이터,2231-269,B2,하남풍산 방면5-1,상대식
5,미사,555,상행,강일,3-4,에스컬레이터,3813-238,B2,강일 방면3-4,상대식
5,미사,555,하행,하남풍산,6-1,에스컬레이터,3813-237,B2,하남풍산 방면6-1,상대식
5,미사,555,상행,강일,6-1,에스컬레이터,3813-242,B2,강일 방면6-1,상대식
5,미사,555,상행,강일,6-1,에스컬레이터,3813-241,B2,강일 방면6-1,상대식
5,미사,555,하행,하남풍산,3-4,에스컬레이터,3813-240,B2,하남풍산 방면3-4,상대식
5,미사,555,하행,하남풍산,3-4,에스컬레이터,3813-239,B2,하남풍산 방면3-4,상대식
5,하남풍산,556,상행,미사,4-4,엘리베이터,2229-180,B2,미사 방면4-4,상대식
5,하남풍산,556,하행,하남시청,5-1,엘리베이터,2229-179,B2,하남시청 방면5-1,상대식
5,하남풍산,556,상행,미사,3-3,에스컬레이터,3813-248,B2,미사 방면3-3,상대식
5,하남풍산,556,상행,미사,3-3,에스컬레이터,3813-249,B2,미사 방면3-3,상대식
5,하남풍산,556,하행,하남시청,6-2,에스컬레이터,3813-254,B2,하남시청 방면6-2,상대식
5,하남풍산,556,하행,하남시청,6-2,에스컬레이터,3813-255,B2,하남시청 방면6-2,상대식
5,하남풍산,556,상행,미사,6-1,에스컬레이터,3813-250,B2,미사 방면6-1,상대식
5,하남풍산,556,상행,미사,6-1,에스컬레이터,3813-251,B2,미사 방면6-1,상대식
5,하남풍산,556,하행,하남시청,3-4,에스컬레이터,3813-252,B2,하남시청 방면3-4,상대식
5,하남풍산,556,하행,하남시청,3-4,에스컬레이터,3813-253,B2,하남시청 방면3-4,상대식
5,하남시청,557,상행,하남풍산,5-1,엘리베이터,2234-916,B2,하남풍산 방면5-1,상대식
5,하남시청,557,하행,하남검단산,5-1,엘리베이터,2234-917,B2,하남검단산 방면5-1,상대식
5,하남시청,557,상행,하남풍산,3-3,에스컬레이터,3811-949,B2,하남풍산 방면3-3,상대식
5,하남시청,557,상행,하남풍산,3-3,에스컬레이터,3811-950,B2,하남풍산 방면3-3,상대식
5,하남시청,557,하행,하남검단산,6-2,에스컬레이터,3811-951,B2,하남검단산 방면6-2,상대식
5,하남시청,557,하행,하남검단산,6-2,에스컬레이터,3811-952,B2,하남검단산 방면6-2,상대식
5,하남시청,557,상행,하남풍산,6-2,에스컬레이터,3811-955,B2,하남풍산 방면6-2,상대식
5,하남시청,557,상행,하남풍산,6-2,에스컬레이터,3811-956,B2,하남풍산 방면6-2,상대식
5,하남시청,557,하행,하남검단산,3-3,에스컬레이터,3811-953,B2,하남검단산 방면3-3,상대식
5,하남시청,557,하행,하남검단산,3-3,에스컬레이터,3811-954,B2,하남검단산 방면3-3,상대식
5,하남검단산,558,상행,하남시청,6-2,에스컬레이터,3811-864,B3,하남시청 방면6-2,상대식
5,하남검단산,558,하행,하남검단산,3-3,에스컬레이터,3811-865,B3,하남검단산 방면3-3,상대식
5,하남검단산,558,하행,하남검단산,3-3,에스컬레이터,3811-866,B3,하남검단산 방면3-3,상대식
5,하남검단산,558,상행,하남시청,4-3,엘리베이터,2231-985,B3,하남시청 방면4-3,상대식
5,하남검단산,558,하행,하남검단산,5-3,엘리베이터,2231-986,B3,하남검단산 방면5-3,상대식
5,하남검단산,558,상행,하남시청,2-4,에스컬레이터,3811-859,B3,하남시청 방면2-4,상대식
5,하남검단산,558,상행,하남시청,2-4,에스컬레이터,3811-860,B3,하남시청 방면2-4,상대식
5,하남검단산,558,하행,하남검단산,7-1,에스컬레이터,3811-861,B3,하남검단산 방면7-1,상대식
5,하남검단산,558,하행,하남검단산,7-1,에스컬레이터,3811-862,B3,하남검단산 방면7-1,상대식
5,하남검단산,558,상행,하남시청,6-2,에스컬레이터,3811-863,B3,하남시청 방면6-2,상대식
6,응암,610,하행,역촌,5-2,엘리베이터,0040-053,B3,"역촌 방면5-2, 새절 방면4-2",섬식
6,응암,610,하행,새절,4-2,엘리베이터,0040-053,B3,"역촌 방면5-2, 새절 방면4-2",섬식
6,응암,610,상행,,4-2,계단,,,,섬식
6,응암,610,상행,,6-2,계단,,,,섬식
6,응암,610,하행,새절,5-3,계단,,,,섬식
6,응암,610,하행,새절,3-3,계단,,,,섬식
6,역촌,611,하행,불광,4-2,엘리베이터,0104-827,B4,불광 방면4-2,상대식
6,역촌,611,하행,불광,4-1,에스컬레이터,1800-574,B4,불광 방면4-1,상대식
6,역촌,611,하행,불광,4-1,에스컬레이터,1800-575,B4,불광 방면4-1,상대식
6,역촌,611,하행,불광,4-1,계단,,,,상대식
6,불광,612,하행,독바위,5-2,엘리베이터,0039-061,B4,독바위 방면5-2,상대식
6,불광,612,하행,독바위,4-1,엘리베이터,0039-062,B4,독바위 방면4-1,상대식
6,불광,612,하행,독바위,7-2,에스컬레이터,1800-983,B4,독바위 방면7-2,상대식
6,불광,612,하행,독바위,7-2,에스컬레이터,1800-984,B4,독바위 방면7-2,상대식
6,불광,612,하행,독바위,2-2,에스컬레이터,1800-985,B4,독바위 방면2-2,상대식
6,불광,612,하행,독바위,2-2,에스컬레이터,1800-986,B4,독바위 방면2-2,상대식
6,불광,612,하행,독바위,2-3,계단,,,,상대식
6,불광,612,하행,독바위,7-2,계단,,,,상대식
6,독바위,613,하행,연신내,3-2,엘리베이터,0040-274,B6,연신내 방면3-2,상대식
6,독바위,613,하행,연신내,3-2,에스컬레이터,1800-836,B6,연신내 방면3-2,상대식
6,독바위,613,하행,연신내,3-2,에스컬레이터,1800-837,B6,연신내 방면3-2,상대식
6,독바위,613,하행,연신내,3-3,계단,,,,상대식
6,연신내,614,하행,구산,6-2,엘리베이터,0102-709,B2,구산 방면6-2,상대식
6,연신내,614,하행,구산,6-1,에스컬레이터,1800-598,B2,구산 방면6-1,상대식
6,연신내,614,하행,구산,6-1,에스컬레이터,1800-599,B2,구산 방면6-1,상대식
6,연신내,614,하행,구산,6-1,에스컬레이터,1800-600,B2,구산 방면6-1,상대식
6,구산,615,하행,응암,5-4,에스컬레이터,1800-591,B4,응암 방면5-4,상대식
6,구산,615,하행,응암,5-4,에스컬레이터,1800-592,B4,응암 방면5-4,상대식
6,구산,615,하행,응암,5-4,계단,,,,상대식
6,구산,615,하행,응암,5-4,엘리베이터,0163-229,,응암 방면5-4,상대식
6,새절,616,상행,응암,4-4,엘리베이터,0042-689,B2,응암 방면4-4,복합식
6,새절,616,상행,응암,3-3,에스컬레이터,1809-467,B2,응암 방면3-3,복합식
6,새절,616,상행,응암,3-3,에스컬레이터,1809-468,B2,응암 방면3-3,복합식
6,새절,616,하행,증산,3-4,에스컬레이터,1809-465,B2,증산 방면3-4,복합식
6,새절,616,하행,증산,3-4,에스컬레이터,1809-466,B2,증산 방면3-4,복합식
6,새절,616,상행,응암,5-4,계단,,,,복합식
6,새절,616,하행,증산,5-4,계단,,,,복합식
6,새절,616,상행,응암,1-1,엘리베이터,0162-890,B2,응암 방면1-1,복합식
6,증산,617,상행,새절,5-1,엘리베이터,0042-852,B2,새절 방면5-1,상대식
6,증산,617,하행,디지털미디어시티,4-3,엘리베이터,0042-853,B2,디지털미디어시티 방면4-3,상대식
6,증산,617,상행,새절,3-4,에스컬레이터,1809-463,B2,새절 방면3-4,상대식
6,증산,617,상행,새절,3-4,에스컬레이터,1809-464,B2,새절 방면3-4,상대식
6,증산,617,하행,디지털미디어시티,3-3,에스컬레이터,1809-461,B2,디지털미디어시티 방면3-3,상대식
6,증산,617,하행,디지털미디어시티,3-3,에스컬레이터,1809-462,B2,디지털미디어시티 방면3-3,상대식
6,증산,617,상행,새절,6-2,계단,,,,상대식
6,증산,617,하행,디지털미디어시티,5-3,계단,,,,상대식
6,디지털미디어시티,618,상행,증산,1-1,엘리베이터,0102-251,B2,증산 방면1-1,상대식
6,디지털미디어시티,618,하행,월드컵경기장,8-4,엘리베이터,0102-252,B2,월드컵경기장 방면8-4,상대식
6,디지털미디어시티,618,상행,증산,1-1,에스컬레이터,1808-915,B2,증산 방면1-1,상대식
6,디지털미디어시티,618,하행,월드컵경기장,8-4,에스컬레이터,1808-916,B2,월드컵경기장 방면8-4,상대식
6,디지털미디어시티,618,하행,월드컵경기장,8-4,에스컬레이터,1808-917,B2,월드컵경기장 방면8-4,상대식
6,디지털미디어시티,618,하행,월드컵경기장,1-1,에스컬레이터,1808-918,B2,월드컵경기장 방면1-1,상대식
6,디지털미디어시티,618,상행,증산,1-1,계단,,,,상대식
6,디지털미디어시티,618,상행,증산,2-1,계단,,,,상대식
6,디지털미디어시티,618,상행,증산,8-4,계단,,,,상대식
6,디지털미디어시티,618,하행,월드컵경기장,1-1,계단,,,,상대식
6,디지털미디어시티,618,하행,월드컵경기장,7-2,계단,,,,상대식
6,디지털미디어시티,618,하행,월드컵경기장,8-4,계단,,,,상대식
6,월드컵경기장,619,상행,디지털미디어시티,4-4,엘리베이터,0104-771,B2,디지털미디어시티 방면4-4,상대식
6,월드컵경기장,619,하행,마포구청,4-4,엘리베이터,0104-772,B2,마포구청 방면4-4,상대식
6,월드컵경기장,619,상행,디지털미디어시티,1-1,계단,,,,상대식
6,월드컵경기장,619,상행,디지털미디어시티,3-4,계단,,,,상대식
6,월드컵경기장,619,상행,디지털미디어시티,5-4,계단,,,,상대식
6,월드컵경기장,619,상행,디지털미디어시티,8-4,계단,,,,상대식
6,월드컵경기장,619,하행,마포구청,1-1,계단,,,,상대식
6,월드컵경기장,619,하행,마포구청,3-4,계단,,,,상대식
6,월드컵경기장,619,하행,마포구청,5-4,계단,,,,상대식
6,월드컵경기장,619,하행,마포구청,8-4,계단,,,,상대식
6,마포구청,620,상행,월드컵경기장,1-1,엘리베이터,0007-233,B3,월드컵경기장 방면1-1,상대식
6,마포구청,620,하행,망원,8-4,엘리베이터,0007-234,B3,망원 방면8-4,상대식
6,마포구청,620,상행,월드컵경기장,2-1,계단,,,,상대식
6,마포구청,620,상행,월드컵경기장,7-4,계단,,,,상대식
6,마포구청,620,하행,망원,2-1,계단,,,,상대식
6,마포구청,620,하행,망원,7-4,계단,,,,상대식
6,망원,621,상행,마포구청,5-1,엘리베이터,0040-055,B2,마포구청 방면5-1,상대식
6,망원,621,하행,합정,5-2,엘리베이터,0040-054,B1,합정 방면5-2,상대식
6,망원,621,상행,마포구청,5-2,계단,,,,상대식
6,망원,621,하행,합정,4-3,계단,,,,상대식
6,합정,622,상행,망원,4-2,엘리베이터,0039-041,B4,망원 방면4-2,상대식
6,합정,622,하행,상수,5-1,엘리베이터,0039-042,B4,상수 방면5-1,상대식
6,합정,622,상행,망원,3-3,에스컬레이터,1808-923,B4,망원 방면3-3,상대식
6,합정,622,하행,상수,6-1,에스컬레이터,1808-924,B4,상수 방면6-1,상대식
6,합정,622,하행,상수,6-1,에스컬레이터,1808-925,B4,상수 방면6-1,상대식
6,합정,622,상행,망원,3-3,계단,,,,상대식
6,합정,622,상행,망원,5-2,계단,,,,상대식
6,합정,622,하행,상수,4-2,계단,,,,상대식
6,합정,622,하행,상수,6-2,계단,,,,상대식
6,상수,623,상행,합정,4-4,엘리베이터,0102-308,B3,"합정 방면4-4, 광흥창 방면5-1",섬식
6,상수,623,하행,광흥창,5-1,엘리베이터,0102-308,B3,"합정 방면4-4, 광흥창 방면5-1",섬식
6,상수,623,하행,광흥창,6-1,에스컬레이터,1808-933,B3,"합정 방면3-3, 광흥창 방면6-1",섬식
6,상수,623,하행,광흥창,6-1,에스컬레이터,1808-934,B3,"합정 방면3-3, 광흥창 방면6-1",섬식
6,상수,623,상행,합정,3-3,에스컬레이터,1808-933,B3,"합정 방면3-3, 광흥창 방면6-1",섬식
6,상수,623,상행,합정,3-3,에스컬레이터,1808-934,B3,"합정 방면3-3, 광흥창 방면6-1",섬식
6,상수,623,하행,광흥창,3-4,계단,,,,섬식
6,상수,623,상행,합정,6-1,계단,,,,섬식
6,광흥창,624,상행,상수,1-2,엘리베이터,0039-040,B3,"상수 방면1-2, 대흥 방면8-3",섬식
6,광흥창,624,하행,대흥,8-3,엘리베이터,0039-040,B3,"상수 방면1-2, 대흥 방면8-3",섬식
6,광흥창,624,하행,대흥,8-4,에스컬레이터,1808-943,B3,"상수 방면1-1, 대흥 방면8-4",섬식
6,광흥창,624,하행,대흥,1-1,에스컬레이터,1808-944,B3,"상수 방면8-4, 대흥 방면1-1",섬식
6,광흥창,624,상행,상수,1-1,에스컬레이터,1808-943,B3,"상수 방면1-1, 대흥 방면8-4",섬식
6,광흥창,624,상행,상수,8-4,에스컬레이터,1808-944,B3,"상수 방면8-4, 대흥 방면1-1",섬식
6,광흥창,624,하행,대흥,8-4,계단,,,,섬식
6,광흥창,624,하행,대흥,1-1,계단,,,,섬식
6,광흥창,624,상행,상수,1-1,계단,,,,섬식
6,광흥창,624,상행,상수,8-4,계단,,,,섬식
6,대흥,625,상행,광흥창,4-4,엘리베이터,0042-659,B3,"광흥창 방면4-4, 공덕 방면5-1",섬식
6,대흥,625,하행,공덕,5-1,엘리베이터,0042-659,B3,"광흥창 방면4-4, 공덕 방면5-1",섬식
6,대흥,625,하행,공덕,6-1,계단,,,,섬식
6,대흥,625,하행,공덕,4-1,계단,,,,섬식
6,대흥,625,상행,광흥창,3-4,계단,,,,섬식
6,대흥,625,상행,광흥창,5-4,계단,,,,섬식
6,공덕,626,상행,대흥,4-4,엘리베이터,0015-040,B2,대흥 방면4-4,상대식
6,공덕,626,하행,효창공원앞,4-4,엘리베이터,0004-354,B2,효창공원앞 방면4-4,상대식
6,공덕,626,상행,대흥,1-1,엘리베이터,0104-290,B2,대흥 방면1-1,상대식
6,공덕,626,하행,효창공원앞,8-4,엘리베이터,0104-340,B2,효창공원앞 방면8-4,상대식
6,공덕,626,상행,대흥,1-1,에스컬레이터,1810-055,B2,환승통로(대흥 방면1-1),상대식
6,공덕,626,상행,대흥,1-1,에스컬레이터,1810-056,B2,환승통로(대흥 방면1-1),상대식
6,공덕,626,하행,효창공원앞,8-4,에스컬레이터,1808-568,B2,환승통로(효창공원앞 방면8-4),상대식
6,공덕,626,하행,효창공원앞,8-4,에스컬레이터,1809-238,B2,환승통로(효창공원앞 방면8-4),상대식
6,공덕,626,상행,대흥,1-1,계단,,,,상대식
6,공덕,626,상행,대흥,3-3,계단,,,,상대식
6,공덕,626,상행,대흥,6-1,계단,,,,상대식
6,공덕,626,하행,효창공원앞,3-3,계단,,,,상대식
6,공덕,626,하행,효창공원앞,6-1,계단,,,,상대식
6,공덕,626,하행,효창공원앞,8-4,계단,,,,상대식
6,효창공원앞,627,상행,공덕,5-3,엘리베이터,0042-657,B3,"공덕 방면5-3, 삼각지 방면4-2",섬식
6,효창공원앞,627,하행,삼각지,4-2,엘리베이터,0042-657,B3,"공덕 방면5-3, 삼각지 방면4-2",섬식
6,효창공원앞,627,하행,삼각지,3-1,에스컬레이터,1810-728,B3,"공덕 방면6-4, 삼각지 방면3-1",섬식
6,효창공원앞,627,하행,삼각지,3-1,에스컬레이터,1810-727,B3,"공덕 방면6-4, 삼각지 방면3-1",섬식
6,효창공원앞,627,상행,공덕,6-4,에스컬레이터,1810-728,B3,"공덕 방면6-4, 삼각지 방면3-1",섬식
6,효창공원앞,627,상행,공덕,6-4,에스컬레이터,1810-727,B3,"공덕 방면6-4, 삼각지 방면3-1",섬식
6,효창공원앞,627,하행,삼각지,5-2,계단,,,,섬식
6,효창공원앞,627,하행,삼각지,3-2,계단,,,,섬식
6,효창공원앞,627,상행,공덕,4-3,계단,,,,섬식
6,효창공원앞,627,상행,공덕,6-3,계단,,,,섬식
6,삼각지,628,상행,효창공원앞,1-1,엘리베이터,0104-719,B4,"효창공원앞 방면1-1, 녹사평 방면8-4",섬식
6,삼각지,628,하행,녹사평,1-1,엘리베이터,0041-875,B4,"녹사평 방면1-1, 효창공원앞 방면8-4",섬식
6,삼각지,628,상행,효창공원앞,6-1,엘리베이터,0103-579,B4,"환승통로(효창공원앞 방면6-1, 녹사평 방면4-4)",섬식
6,삼각지,628,하행,녹사평,8-4,엘리베이터,0104-719,B4,"효창공원앞 방면1-1, 녹사평 방면8-4",섬식
6,삼각지,628,상행,효창공원앞,8-4,엘리베이터,0041-875,B4,"녹사평 방면1-1, 효창공원앞 방면8-4",섬식
6,삼각지,628,하행,녹사평,4-4,엘리베이터,0103-579,B4,"환승통로(효창공원앞 방면6-1, 녹사평 방면4-4)",섬식
6,삼각지,628,하행,녹사평,8-1,계단,,,,섬식
6,삼각지,628,하행,녹사평,7-1,계단,,,,섬식
6,삼각지,628,상행,효창공원앞,1-4,계단,,,,섬식
6,삼각지,628,상행,효창공원앞,2-4,계단,,,,섬식
6,녹사평,629,상행,삼각지,4-3,엘리베이터,0082-691,B5,"삼각지 방면4-3, 이태원 방면5-1",섬식
6,녹사평,629,하행,이태원,5-1,엘리베이터,0082-691,B5,"삼각지 방면4-3, 이태원 방면5-1",섬식
6,녹사평,629,하행,이태원,6-2,에스컬레이터,1800-380,B5,"삼각지 방면3-3, 이태원 방면6-2",섬식
6,녹사평,629,하행,이태원,6-2,에스컬레이터,1800-381,B5,"삼각지 방면3-3, 이태원 방면6-2",섬식
6,녹사평,629,하행,이태원,4-1,에스컬레이터,1800-382,B5,"삼각지 방면5-4, 이태원 방면4-1",섬식
6,녹사평,629,하행,이태원,4-1,에스컬레이터,1800-383,B5,"삼각지 방면5-4, 이태원 방면4-1",섬식
6,녹사평,629,상행,삼각지,3-3,에스컬레이터,1800-380,B5,"삼각지 방면3-3, 이태원 방면6-2",섬식
6,녹사평,629,상행,삼각지,3-3,에스컬레이터,1800-381,B5,"삼각지 방면3-3, 이태원 방면6-2",섬식
6,녹사평,629,상행,삼각지,5-4,에스컬레이터,1800-382,B5,"삼각지 방면5-4, 이태원 방면4-1",섬식
6,녹사평,629,상행,삼각지,5-4,에스컬레이터,1800-383,B5,"삼각지 방면5-4, 이태원 방면4-1",섬식
6,녹사평,629,하행,이태원,7-2,계단,,,,섬식
6,녹사평,629,하행,이태원,3-1,계단,,,,섬식
6,녹사평,629,상행,삼각지,2-3,계단,,,,섬식
6,녹사평,629,상행,삼각지,6-4,계단,,,,섬식
6,이태원,630,상행,녹사평,3-1,엘리베이터,0103-976,B5,"녹사평 방면3-1, 한강진 방면6-3",섬식
6,이태원,630,하행,한강진,6-3,엘리베이터,0103-976,B5,"녹사평 방면3-1, 한강진 방면6-3",섬식
6,이태원,630,하행,한강진,6-2,계단,,,,섬식
6,이태원,630,하행,한강진,3-2,계단,,,,섬식
6,이태원,630,상행,녹사평,3-3,계단,,,,섬식
6,이태원,630,상행,녹사평,6-3,계단,,,,섬식
6,한강진,631,상행,이태원,5-2,엘리베이터,0102-206,B4,이태원 방면5-2,상대식
6,한강진,631,하행,버티고개,4-2,엘리베이터,0102-207,B4,버티고개 방면4-2,상대식
6,한강진,631,상행,이태원,4-2,계단,,,,상대식
6,한강진,631,상행,이태원,6-2,계단,,,,상대식
6,한강진,631,하행,버티고개,3-2,계단,,,,상대식
6,한강진,631,하행,버티고개,5-2,계단,,,,상대식
6,버티고개,632,상행,한강진,4-2,엘리베이터,0102-203,B4,한강진 방면4-2,상대식
6,버티고개,632,하행,약수,5-3,엘리베이터,0102-204,B4,약수 방면5-3,상대식
6,버티고개,632,상행,한강진,3-2,계단,,,,상대식
6,버티고개,632,상행,한강진,6-1,계단,,,,상대식
6,버티고개,632,하행,약수,3-4,계단,,,,상대식
6,버티고개,632,하행,약수,6-2,계단,,,,상대식
6,약수,633,상행,버티고개,5-4,계단,,,,상대식
6,약수,633,하행,청구,4-1,계단,,,,상대식
6,약수,633,하행,청구,5-3,계단,,,,상대식
6,약수,633,상행,버티고개,5-1,엘리베이터,0103-977,B3,버티고개 방면5-1,상대식
6,약수,633,하행,청구,4-4,엘리베이터,0103-978,B3,청구 방면4-4,상대식
6,약수,633,상행,버티고개,6-1,엘리베이터,0103-979,B3,버티고개 방면6-1,상대식
6,약수,633,상행,버티고개,4-1,계단,,,,상대식
6,청구,634,상행,약수,6-1,계단,,,,상대식
6,청구,634,하행,신당,6-1,계단,,,,상대식
6,청구,634,상행,약수,6-2,엘리베이터,0104-444,B1,약수 방면6-2,상대식
6,청구,634,하행,신당,6-2,엘리베이터,0104-445,B1,신당 방면6-2,상대식
6,신당,635,상행,청구,2-2,계단,,,,섬식
6,신당,635,상행,청구,6-1,계단,,,,섬식
6,신당,635,상행,청구,5-3,엘리베이터,0103-494,B3,"청구 방면5-3, 동묘앞 방면4-2",섬식
6,신당,635,하행,동묘앞,4-2,엘리베이터,0103-494,B3,"청구 방면5-3, 동묘앞 방면4-2",섬식
6,신당,635,하행,동묘앞,8-4,에스컬레이터,1808-979,B3,"환승통로(청구 방면1-1, 동묘앞 방면8-4)",섬식
6,신당,635,하행,동묘앞,8-4,에스컬레이터,1808-980,B3,"환승통로(청구 방면1-1, 동묘앞 방면8-4)",섬식
6,신당,635,하행,동묘앞,7-3,에스컬레이터,1808-975,B3,"청구 방면2-2, 동묘앞 방면7-3",섬식
6,신당,635,하행,동묘앞,7-3,에스컬레이터,1808-976,B3,"청구 방면2-2, 동묘앞 방면7-3",섬식
6,신당,635,하행,동묘앞,3-4,에스컬레이터,1808-977,B3,"청구 방면6-1, 동묘앞 방면3-4",섬식
6,신당,635,하행,동묘앞,3-4,에스컬레이터,1808-978,B3,"청구 방면6-1, 동묘앞 방면3-4",섬식
6,신당,635,상행,청구,1-1,에스컬레이터,1808-979,B3,"환승통로(청구 방면1-1, 동묘앞 방면8-4)",섬식
6,신당,635,상행,청구,1-1,에스컬레이터,1808-980,B3,"환승통로(청구 방면1-1, 동묘앞 방면8-4)",섬식
6,신당,635,상행,청구,2-2,에스컬레이터,1808-975,B3,"청구 방면2-2, 동묘앞 방면7-3",섬식
6,신당,635,상행,청구,2-2,에스컬레이터,1808-976,B3,"청구 방면2-2, 동묘앞 방면7-3",섬식
6,신당,635,상행,청구,6-1,에스컬레이터,1808-977,B3,"청구 방면6-1, 동묘앞 방면3-4",섬식
6,신당,635,상행,청구,6-1,에스컬레이터,1808-978,B3,"청구 방면6-1, 동묘앞 방면3-4",섬식
6,신당,635,하행,동묘앞,7-3,계단,,,,섬식
6,신당,635,하행,동묘앞,3-4,계단,,,,섬식
6,동묘앞,636,상행,신당,4-3,계단,,,,섬식
6,동묘앞,636,상행,신당,7-3,계단,,,,섬식
6,동묘앞,636,상행,신당,3-3,엘리베이터,0000-962,B3,"신당 방면3-3, 창신 방면6-2",섬식
6,동묘앞,636,상행,신당,8-4,엘리베이터,0000-963,B3,"신당 방면8-4, 창신 방면1-1",섬식
6,동묘앞,636,하행,창신,6-2,엘리베이터,0000-962,B3,"신당 방면3-3, 창신 방면6-2",섬식
6,동묘앞,636,하행,창신,1-1,엘리베이터,0000-963,B3,"신당 방면8-4, 창신 방면1-1",섬식
6,동묘앞,636,하행,창신,2-2,에스컬레이터,1800-068,B3,"신당 방면7-3, 창신 방면2-2",섬식
6,동묘앞,636,하행,창신,2-2,에스컬레이터,1800-067,B3,"신당 방면7-3, 창신 방면2-2",섬식
6,동묘앞,636,하행,창신,7-2,에스컬레이터,1810-051,B3,"신당 방면2-3, 창신 방면7-2",섬식
6,동묘앞,636,하행,창신,7-2,에스컬레이터,1810-052,B3,"신당 방면2-3, 창신 방면7-2",섬식
6,동묘앞,636,상행,신당,7-3,에스컬레이터,1800-068,B3,"신당 방면7-3, 창신 방면2-2",섬식
6,동묘앞,636,상행,신당,7-3,에스컬레이터,1800-067,B3,"신당 방면7-3, 창신 방면2-2",섬식
6,동묘앞,636,상행,신당,2-3,에스컬레이터,1810-051,B3,"신당 방면2-3, 창신 방면7-2",섬식
6,동묘앞,636,상행,신당,2-3,에스컬레이터,1810-052,B3,"신당 방면2-3, 창신 방면7-2",섬식
6,동묘앞,636,하행,창신,5-2,계단,,,,섬식
6,동묘앞,636,하행,창신,2-2,계단,,,,섬식
6,창신,637,상행,동묘앞,4-3,계단,,,,섬식
6,창신,637,상행,동묘앞,6-4,계단,,,,섬식
6,창신,637,상행,동묘앞,4-2,엘리베이터,0002-280,B4,"동묘앞 방면4-2, 보문 방면5-3",섬식
6,창신,637,하행,보문,5-3,엘리베이터,0002-280,B4,"동묘앞 방면4-2, 보문 방면5-3",섬식
6,창신,637,하행,보문,5-2,계단,,,,섬식
6,창신,637,하행,보문,3-1,계단,,,,섬식
6,보문,638,상행,창신,3-4,계단,,,,섬식
6,보문,638,상행,창신,5-4,계단,,,,섬식
6,보문,638,상행,창신,4-4,엘리베이터,0049-838,B3,"창신 방면4-4 , 안암 방면5-1",섬식
6,보문,638,하행,안암,5-1,엘리베이터,0049-838,B3,"창신 방면4-4 , 안암 방면5-1",섬식
6,보문,638,하행,안암,6-1,계단,,,,섬식
6,보문,638,하행,안암,4-1,계단,,,,섬식
6,안암,639,상행,보문,5-1,계단,,,,상대식
6,안암,639,상행,보문,6-3,계단,,,,상대식
6,안암,639,하행,고려대,3-1,계단,,,,상대식
6,안암,639,하행,고려대,5-3,계단,,,,상대식
6,안암,639,상행,보문,5-2,엘리베이터,0028-813,B3,보문 방면5-2,상대식
6,안암,639,하행,고려대,4-3,엘리베이터,0028-814,B3,고려대 방면4-3,상대식
6,고려대,640,상행,안암,3-3,계단,,,,상대식
6,고려대,640,상행,안암,6-1,계단,,,,상대식
6,고려대,640,하행,월곡,3-3,계단,,,,상대식
6,고려대,640,하행,월곡,6-1,계단,,,,상대식
6,고려대,640,상행,안암,6-2,엘리베이터,0019-339,B4,안암 방면6-2,상대식
6,고려대,640,하행,월곡,3-2,엘리베이터,0053-247,B4,월곡 방면3-2,상대식
6,고려대,640,상행,안암,3-4,에스컬레이터,1810-503,B4,안암 방면3-4,상대식
6,고려대,640,상행,안암,3-4,에스컬레이터,1810-504,B4,안암 방면3-4,상대식
6,고려대,640,하행,월곡,6-1,에스컬레이터,1810-501,B4,월곡 방면6-1,상대식
6,고려대,640,하행,월곡,6-1,에스컬레이터,1810-502,B4,월곡 방면6-1,상대식
6,월곡,641,상행,고려대,5-4,계단,,,,상대식
6,월곡,641,하행,상월곡,3-4,계단,,,,상대식
6,월곡,641,하행,상월곡,5-4,계단,,,,상대식
6,월곡,641,상행,고려대,4-4,엘리베이터,0044-187,B3,고려대 방면4-4,상대식
6,월곡,641,하행,상월곡,4-4,엘리베이터,0044-188,B3,상월곡 방면4-4,상대식
6,월곡,641,상행,고려대,3-4,에스컬레이터,1810-505,B3,고려대 방면3-4,상대식
6,월곡,641,상행,고려대,3-4,에스컬레이터,1810-506,B3,고려대 방면3-4,상대식
6,월곡,641,하행,상월곡,3-3,에스컬레이터,1803-149,B3,상월곡 방면3-3,상대식
6,월곡,641,하행,상월곡,3-3,에스컬레이터,1803-150,B3,상월곡 방면3-3,상대식
6,상월곡,642,상행,월곡,1-1,계단,,,,복합식
6,상월곡,642,상행,월곡,8-4,계단,,,,복합식
6,상월곡,642,하행,돌곶이,8-4,엘리베이터,0165-087,,돌곶이 방면8-4,복합식
6,상월곡,642,상행,월곡,1-4,엘리베이터,0165-088,,월곡 방면1-4,복합식
6,돌곶이,643,상행,상월곡,3-4,계단,,,,상대식
6,돌곶이,643,상행,상월곡,5-4,계단,,,,상대식
6,돌곶이,643,하행,석계,3-4,계단,,,,상대식
6,돌곶이,643,하행,석계,5-4,계단,,,,상대식
6,돌곶이,643,상행,상월곡,4-4,엘리베이터,0054-295,B2,상월곡 방면4-4,상대식
6,돌곶이,643,하행,석계,4-4,엘리베이터,0054-296,B2,석계 방면4-4,상대식
6,석계,644,상행,돌곶이,1-1,계단,,,,상대식
6,석계,644,상행,돌곶이,4-3,계단,,,,상대식
6,석계,644,상행,돌곶이,6-3,계단,,,,상대식
6,석계,644,하행,태릉입구,3-2,계단,,,,상대식
6,석계,644,하행,태릉입구,5-2,계단,,,,상대식
6,석계,644,하행,태릉입구,8-4,계단,,,,상대식
6,석계,644,상행,돌곶이,3-3,엘리베이터,0057-328,B3,돌곶이 방면3-3,상대식
6,석계,644,하행,태릉입구,6-2,엘리베이터,0055-103,B3,태릉입구 방면6-2,상대식
6,석계,644,상행,돌곶이,1-1,에스컬레이터,1803-422,B3,돌곶이 방면1-1,상대식
6,석계,644,하행,태릉입구,8-4,에스컬레이터,1803-423,B3,태릉입구 방면8-4,상대식
6,석계,644,상행,돌곶이,6-3,에스컬레이터,1803-424,B3,돌곶이 방면6-3,상대식
6,석계,644,하행,태릉입구,3-2,에스컬레이터,1803-425,B3,태릉입구 방면3-2,상대식
6,태릉입구,645,상행,석계,3-2,계단,,,,상대식
6,태릉입구,645,상행,석계,5-2,계단,,,,상대식
6,태릉입구,645,상행,석계,8-4,계단,,,,상대식
6,태릉입구,645,하행,화랑대,1-1,계단,,,,상대식
6,태릉입구,645,하행,화랑대,4-2,계단,,,,상대식
6,태릉입구,645,하행,화랑대,6-2,계단,,,,상대식
6,태릉입구,645,상행,석계,5-3,엘리베이터,0019-107,B2,석계 방면5-3,상대식
6,태릉입구,645,하행,화랑대,3-4,엘리베이터,0015-897,B2,화랑대 방면3-4,상대식
6,태릉입구,645,상행,석계,8-4,에스컬레이터,1803-410,B2,환승통로(석계 방면8-4),상대식
6,태릉입구,645,상행,석계,8-4,에스컬레이터,1803-411,B2,환승통로(석계 방면8-4),상대식
6,태릉입구,645,하행,화랑대,1-1,에스컬레이터,1803-412,B2,환승통로(화랑대 방면1-1),상대식
6,태릉입구,645,하행,화랑대,1-1,에스컬레이터,1803-413,B2,환승통로(화랑대 방면1-1),상대식
6,화랑대,646,상행,태릉입구,4-4,계단,,,,상대식
6,화랑대,646,상행,태릉입구,6-3,계단,,,,상대식
6,화랑대,646,하행,봉화산,3-2,계단,,,,상대식
6,화랑대,646,하행,봉화산,5-1,계단,,,,상대식
6,화랑대,646,상행,태릉입구,5-4,엘리베이터,0057-151,B2,태릉입구 방면5-4,상대식
6,화랑대,646,하행,봉화산,4-1,엘리베이터,0057-152,B2,봉화산 방면4-1,상대식
6,봉화산,647,상행,화랑대,1-1,계단,,,,복합식
6,봉화산,647,상행,화랑대,8-4,계단,,,,복합식
6,봉화산,647,상행,화랑대,8-4,에스컬레이터,1803-351,B2,화랑대 방면8-4,복합식
6,봉화산,647,하행,신내,1-1,에스컬레이터,1803-352,B2,신내 방면1-1,복합식
6,봉화산,647,하행,신내,8-3,엘리베이터,0158-612,B2,신내 방면8-3,복합식
6,봉화산,647,상행,화랑대,1-2,엘리베이터,0158-613,B2,화랑대 방면1-2,복합식
6,신내,648,상행,봉화산,8-3,엘리베이터,0136-697,B2,봉화산 방면8-3,상대식
6,신내,648,상행,봉화산,7-4,에스컬레이터,1812-436,B2,봉화산 방면7-4,상대식
6,신내,648,상행,봉화산,7-4,에스컬레이터,1812-437,B2,봉화산 방면7-4,상대식
7,장암,709,하행,도봉산,4-3,계단,,,,상대식
7,도봉산,710,상행,장암,1-1,계단,,,,상대식
7,도봉산,710,상행,장암,7-2,계단,,,,상대식
7,도봉산,710,하행,수락산,2-2,계단,,,,상대식
7,도봉산,710,하행,수락산,8-4,계단,,,,상대식
7,도봉산,710,상행,장암,7-2,엘리베이터,0053-189,2F,장암 방면7-2,상대식
7,도봉산,710,하행,수락산,1-4,엘리베이터,0053-190,2F,수락산 방면1-4,상대식
7,도봉산,710,상행,장암,3-4,엘리베이터,0085-381,2F,장암 방면3-4,상대식
7,도봉산,710,하행,수락산,4-2,엘리베이터,0085-291,2F,수락산 방면4-2,상대식
7,수락산,711,상행,도봉산,1-1,에스컬레이터,1813-747,B3,도봉산 방면1-1,복합식
7,수락산,711,상행,도봉산,1-1,계단,,,,복합식
7,수락산,711,상행,도봉산,8-4,계단,,,,복합식
7,수락산,711,상행,도봉산,1-1,엘리베이터,0164-911,B3,도봉산 방면1-1,복합식
7,수락산,711,하행,마들,8-2,엘리베이터,0164-927,B3,마들 방면8-2,복합식
7,마들,712,상행,수락산,3-4,계단,,,,섬식
7,마들,712,상행,수락산,5-3,계단,,,,섬식
7,마들,712,하행,노원,1-1,엘리베이터,0017-182,B3,"수락산 방면8-4, 노원 방면1-1",섬식
7,마들,712,상행,수락산,8-4,엘리베이터,0017-182,B3,"수락산 방면8-4, 노원 방면1-1",섬식
7,마들,712,하행,노원,6-1,계단,,,,섬식
7,마들,712,하행,노원,4-2,계단,,,,섬식
7,노원,713,상행,마들,1-1,계단,,,,섬식
7,노원,713,상행,마들,4-1,계단,,,,섬식
7,노원,713,상행,마들,6-2,계단,,,,섬식
7,노원,713,하행,중계,4-3,엘리베이터,0086-703,B3,"마들 방면4-4, 중계 방면4-3",섬식
7,노원,713,상행,마들,4-4,엘리베이터,0086-703,B3,"마들 방면4-4, 중계 방면4-3",섬식
7,노원,713,하행,중계,8-4,에스컬레이터,1806-611,B3,"마들 방면1-1, 중계 방면8-4",섬식
7,노원,713,하행,중계,8-4,에스컬레이터,1806-612,B3,"마들 방면1-1, 중계 방면8-4",섬식
7,노원,713,하행,중계,8-4,에스컬레이터,1806-613,B3,"마들 방면1-1, 중계 방면8-4",섬식
7,노원,713,상행,마들,1-1,에스컬레이터,1806-611,B3,"마들 방면1-1, 중계 방면8-4",섬식
7,노원,713,상행,마들,1-1,에스컬레이터,1806-612,B3,"마들 방면1-1, 중계 방면8-4",섬식
7,노원,713,상행,마들,1-1,에스컬레이터,1806-613,B3,"마들 방면1-1, 중계 방면8-4",섬식
7,노원,713,하행,중계,8-4,계단,,,,섬식
7,노원,713,하행,중계,5-4,계단,,,,섬식
7,노원,713,하행,중계,3-3,계단,,,,섬식
7,중계,714,상행,노원,4-1,계단,,,,섬식
7,중계,714,상행,노원,6-1,계단,,,,섬식
7,중계,714,하행,하계,4-4,엘리베이터,0015-704,B3,"노원 방면5-1, 하계 방면4-4",섬식
7,중계,714,상행,노원,5-1,엘리베이터,0015-704,B3,"노원 방면5-1, 하계 방면4-4",섬식
7,중계,714,하행,하계,6-1,에스컬레이터,1810-512,B3,"노원 방면3-4, 하계 방면6-1",섬식
7,중계,714,하행,하계,6-1,에스컬레이터,1810-511,B3,"노원 방면3-4, 하계 방면6-1",섬식
7,중계,714,상행,노원,3-4,에스컬레이터,1810-512,B3,"노원 방면3-4, 하계 방면6-1",섬식
7,중계,714,상행,노원,3-4,에스컬레이터,1810-511,B3,"노원 방면3-4, 하계 방면6-1",섬식
7,중계,714,하행,하계,5-4,계단,,,,섬식
7,중계,714,하행,하계,3-4,계단,,,,섬식
7,하계,715,상행,중계,3-4,계단,,,,섬식
7,하계,715,상행,중계,5-3,계단,,,,섬식
7,하계,715,하행,공릉,5-1,엘리베이터,0017-579,B3,"중계 방면4-4, 공릉 방면5-1",섬식
7,하계,715,상행,중계,4-4,엘리베이터,0017-579,B3,"중계 방면4-4, 공릉 방면5-1",섬식
7,하계,715,하행,공릉,6-1,계단,,,,섬식
7,하계,715,하행,공릉,4-2,계단,,,,섬식
7,공릉,716,상행,하계,4-4,계단,,,,상대식
7,공릉,716,상행,하계,7-3,계단,,,,상대식
7,공릉,716,하행,태릉입구,2-2,계단,,,,상대식
7,공릉,716,하행,태릉입구,4-4,계단,,,,상대식
7,공릉,716,상행,하계,7-3,엘리베이터,0015-705,B4,하계 방면7-3,상대식
7,공릉,716,하행,태릉입구,2-2,엘리베이터,0015-706,B4,태릉입구 방면2-2,상대식
7,공릉,716,상행,하계,7-3,에스컬레이터,1806-700,B4,하계 방면7-3,상대식
7,공릉,716,하행,태릉입구,2-2,에스컬레이터,1806-713,B4,태릉입구 방면2-2,상대식
7,태릉입구,717,상행,공릉,3-2,계단,,,,상대식
7,태릉입구,717,상행,공릉,5-2,계단,,,,상대식
7,태릉입구,717,상행,공릉,8-4,계단,,,,상대식
7,태릉입구,717,하행,먹골,1-1,계단,,,,상대식
7,태릉입구,717,하행,먹골,4-2,계단,,,,상대식
7,태릉입구,717,하행,먹골,6-2,계단,,,,상대식
7,태릉입구,717,상행,공릉,6-4,엘리베이터,0017-918,B4,공릉 방면6-4,상대식
7,태릉입구,717,하행,먹골,3-1,엘리베이터,0053-181,B4,먹골 방면3-1,상대식
7,먹골,718,상행,태릉입구,4-1,계단,,,,상대식
7,먹골,718,상행,태릉입구,5-4,계단,,,,상대식
7,먹골,718,하행,중화,4-1,계단,,,,상대식
7,먹골,718,하행,중화,5-4,계단,,,,상대식
7,먹골,718,상행,태릉입구,4-4,엘리베이터,0017-580,B3,태릉입구 방면4-4,상대식
7,먹골,718,하행,중화,5-1,엘리베이터,0017-581,B3,중화 방면5-1,상대식
7,중화,719,상행,먹골,4-1,계단,,,,상대식
7,중화,719,상행,먹골,5-4,계단,,,,상대식
7,중화,719,하행,상봉,4-1,계단,,,,상대식
7,중화,719,하행,상봉,5-4,계단,,,,상대식
7,중화,719,상행,먹골,4-4,엘리베이터,0018-259,B3,먹골 방면4-4,상대식
7,중화,719,하행,상봉,5-1,엘리베이터,0018-260,B3,상봉 방면5-1,상대식
7,중화,719,상행,먹골,3-3,에스컬레이터,1800-934,B3,먹골 방면3-3,상대식
7,중화,719,상행,먹골,3-3,에스컬레이터,1800-935,B3,먹골 방면3-3,상대식
7,중화,719,하행,상봉,6-1,에스컬레이터,1800-936,B3,상봉 방면6-1,상대식
7,중화,719,하행,상봉,6-1,에스컬레이터,1800-937,B3,상봉 방면6-1,상대식
7,상봉,720,상행,중화,3-4,계단,,,,상대식
7,상봉,720,상행,중화,5-4,계단,,,,상대식
7,상봉,720,하행,면목,3-4,계단,,,,상대식
7,상봉,720,하행,면목,5-4,계단,,,,상대식
7,상봉,720,상행,중화,3-2,엘리베이터,0019-106,B3,중화 방면3-2,상대식
7,상봉,720,하행,면목,6-2,엘리베이터,0019-351,B3,면목 방면6-2,상대식
7,상봉,720,상행,중화,4-2,엘리베이터,0016-030,B3,중화 방면4-2,상대식
7,상봉,720,하행,면목,5-1,엘리베이터,0016-029,B3,면목 방면5-1,상대식
7,면목,721,상행,상봉,3-4,계단,,,,상대식
7,면목,721,상행,상봉,5-3,계단,,,,상대식
7,면목,721,하행,사가정,4-2,계단,,,,상대식
7,면목,721,하행,사가정,6-1,계단,,,,상대식
7,면목,721,상행,상봉,4-4,엘리베이터,0017-577,B4,상봉 방면4-4,상대식
7,면목,721,하행,사가정,5-2,엘리베이터,0017-578,B4,사가정 방면5-2,상대식
7,사가정,722,상행,면목,2-3,계단,,,,상대식
7,사가정,722,상행,면목,4-3,계단,,,,상대식
7,사가정,722,하행,용마산,5-1,계단,,,,상대식
7,사가정,722,상행,면목,3-3,엘리베이터,0017-575,B4,면목 방면3-3,상대식
7,사가정,722,하행,용마산,7-1,계단,,,,상대식
7,사가정,722,하행,용마산,6-2,엘리베이터,0017-576,B4,용마산 방면6-2,상대식
7,용마산,723,상행,사가정,2-4,계단,,,,상대식
7,용마산,723,상행,사가정,3-3,엘리베이터,0017-574,B4,사가정 방면3-3,상대식
7,용마산,723,상행,사가정,4-3,계단,,,,상대식
7,용마산,723,하행,중곡,6-1,엘리베이터,0017-573,B4,중곡 방면6-1,상대식
7,용마산,723,하행,중곡,5-2,계단,,,,상대식
7,용마산,723,하행,중곡,7-1,계단,,,,상대식
7,중곡,724,상행,용마산,4-4,엘리베이터,0005-633,B3,용마산 방면4-4,상대식
7,중곡,724,하행,군자,5-1,엘리베이터,0005-634,B3,군자 방면5-1,상대식
7,중곡,724,상행,용마산,3-4,계단,,,,상대식
7,중곡,724,상행,용마산,6-1,계단,,,,상대식
7,중곡,724,하행,군자,3-4,계단,,,,상대식
7,중곡,724,하행,군자,6-1,계단,,,,상대식
7,군자,725,상행,중곡,2-3,계단,,,,상대식
7,군자,725,상행,중곡,7-2,계단,,,,상대식
7,군자,725,하행,어린이대공원,2-3,계단,,,,상대식
7,군자,725,하행,어린이대공원,7-2,계단,,,,상대식
7,어린이대공원,726,상행,군자,3-3,엘리베이터,0007-435,B3,군자 방면3-3,상대식
7,어린이대공원,726,하행,건대입구,6-2,엘리베이터,0082-420,B3,건대입구 방면6-2,상대식
7,어린이대공원,726,상행,군자,4-1,계단,,,,상대식
7,어린이대공원,726,상행,군자,5-4,계단,,,,상대식
7,어린이대공원,726,하행,건대입구,4-1,계단,,,,상대식
7,어린이대공원,726,하행,건대입구,5-4,계단,,,,상대식
7,건대입구,727,상행,어린이대공원,3-3,계단,,,,상대식
7,건대입구,727,상행,어린이대공원,4-3,계단,,,,상대식
7,건대입구,727,상행,어린이대공원,6-4,계단,,,,상대식
7,건대입구,727,하행,자양,2-1,계단,,,,상대식
7,건대입구,727,하행,자양,5-1,계단,,,,상대식
7,건대입구,727,하행,자양,1-1,에스컬레이터,1801-693,B2,환승통로(자양 방면1-1),상대식
7,건대입구,727,하행,자양,1-1,에스컬레이터,1801-694,B2,환승통로(자양 방면1-1),상대식
7,건대입구,727,상행,어린이대공원,6-4,에스컬레이터,1801-472,B2,어린이대공원 방면6-4,상대식
7,건대입구,727,상행,어린이대공원,5-4,엘리베이터,0132-928,B2,어린이대공원 방면5-4,상대식
7,건대입구,727,하행,자양,4-1,엘리베이터,0132-929,B2,자양 방면4-1,상대식
7,자양,728,상행,건대입구,1-4,엘리베이터,0082-442,3F,건대입구 방면1-4,상대식
7,자양,728,하행,청담,7-4,엘리베이터,0082-443,3F,청담 방면7-4,상대식
7,자양,728,상행,건대입구,3-2,계단,,,,상대식
7,자양,728,상행,건대입구,7-1,계단,,,,상대식
7,자양,728,하행,청담,2-4,계단,,,,상대식
7,자양,728,하행,청담,6-2,계단,,,,상대식
7,청담,729,상행,자양,1-1,계단,,,,복합식
7,청담,729,상행,자양,8-4,계단,,,,복합식
7,청담,729,상행,자양,7-4,엘리베이터,0163-343,,자양 방면7-4,복합식
7,청담,729,하행,강남구청,2-1,엘리베이터,0163-344,,강남구청 방면2-1,복합식
7,강남구청,730,상행,청담,1-1,엘리베이터,0011-097,B3,청담 방면1-1,상대식
7,강남구청,730,하행,학동,8-4,엘리베이터,0011-098,B3,학동 방면8-4,상대식
7,강남구청,730,상행,청담,2-1,계단,,,,상대식
7,강남구청,730,상행,청담,7-4,계단,,,,상대식
7,강남구청,730,하행,학동,2-1,계단,,,,상대식
7,강남구청,730,하행,학동,7-4,계단,,,,상대식
7,학동,731,상행,강남구청,4-4,엘리베이터,0065-989,B3,강남구청 방면4-4,상대식
7,학동,731,하행,논현,5-1,엘리베이터,0065-990,B3,논현 방면5-1,상대식
7,학동,731,상행,강남구청,3-4,계단,,,,상대식
7,학동,731,상행,강남구청,5-4,계단,,,,상대식
7,학동,731,하행,논현,3-4,계단,,,,상대식
7,학동,731,하행,논현,5-4,계단,,,,상대식
7,논현,732,상행,학동,7-4,엘리베이터,0057-897,B3,학동 방면7-4,상대식
7,논현,732,하행,반포,2-1,엘리베이터,0057-898,B3,반포 방면2-1,상대식
7,논현,732,상행,학동,2-4,계단,,,,상대식
7,논현,732,상행,학동,6-2,계단,,,,상대식
7,논현,732,하행,반포,3-2,계단,,,,상대식
7,논현,732,하행,반포,6-4,계단,,,,상대식
7,반포,733,상행,논현,5-1,엘리베이터,0078-301,B3,논현 방면5-1,상대식
7,반포,733,하행,고속터미널,4-4,엘리베이터,0078-302,B3,고속터미널(7) 방면4-4,상대식
7,반포,733,상행,논현,3-4,계단,,,,상대식
7,반포,733,상행,논현,5-4,계단,,,,상대식
7,반포,733,하행,고속터미널,3-4,계단,,,,상대식
7,반포,733,하행,고속터미널,5-4,계단,,,,상대식
7,고속터미널,734,상행,반포,3-3,엘리베이터,0009-821,B3,반포 방면3-3,상대식
7,고속터미널,734,하행,내방,6-2,엘리베이터,0009-822,B3,내방 방면6-2,상대식
7,고속터미널,734,상행,반포,2-3,계단,,,,상대식
7,고속터미널,734,상행,반포,4-4,계단,,,,상대식
7,고속터미널,734,상행,반포,7-1,계단,,,,상대식
7,고속터미널,734,하행,내방,2-3,계단,,,,상대식
7,고속터미널,734,하행,내방,5-1,계단,,,,상대식
7,고속터미널,734,하행,내방,7-1,계단,,,,상대식
7,고속터미널,734,상행,반포,2-4,에스컬레이터,1802-721,B3,반포 방면2-4,상대식
7,고속터미널,734,상행,반포,2-4,에스컬레이터,1802-722,B3,반포 방면2-4,상대식
7,고속터미널,734,하행,내방,7-1,에스컬레이터,1802-723,B3,내방 방면7-1,상대식
7,고속터미널,734,하행,내방,7-1,에스컬레이터,1802-724,B3,내방 방면7-1,상대식
7,고속터미널,734,상행,반포,4-4,에스컬레이터,1802-751,B3,반포 방면4-4,상대식
7,고속터미널,734,하행,내방,5-1,에스컬레이터,1802-752,B3,내방 방면5-1,상대식
7,고속터미널,734,상행,반포,7-1,에스컬레이터,1802-753,B3,반포 방면7-1,상대식
7,고속터미널,734,하행,내방,2-4,에스컬레이터,1802-754,B3,내방 방면2-4,상대식
7,내방,735,상행,고속터미널,5-2,엘리베이터,0077-425,B3,고속터미널(7) 방면5-2,상대식
7,내방,735,하행,이수,4-2,엘리베이터,0077-426,B3,이수(7) 방면4-2,상대식
7,내방,735,상행,고속터미널,4-2,계단,,,,상대식
7,내방,735,상행,고속터미널,6-2,계단,,,,상대식
7,내방,735,하행,이수,3-2,계단,,,,상대식
7,내방,735,하행,이수,5-2,계단,,,,상대식
7,이수,736,상행,내방,4-2,엘리베이터,0063-029,B4,내방 방면4-2,상대식
7,이수,736,하행,남성,5-3,엘리베이터,0063-030,B4,남성 방면5-3,상대식
7,이수,736,상행,내방,2-2,계단,,,,상대식
7,이수,736,상행,내방,3-4,계단,,,,상대식
7,이수,736,상행,내방,5-2,계단,,,,상대식
7,이수,736,상행,내방,7-3,계단,,,,상대식
7,이수,736,하행,남성,2-2,계단,,,,상대식
7,이수,736,하행,남성,4-2,계단,,,,상대식
7,이수,736,하행,남성,5-4,계단,,,,상대식
7,이수,736,하행,남성,7-2,계단,,,,상대식
7,이수,736,상행,내방,3-4,에스컬레이터,1804-174,B4,내방 방면3-4,상대식
7,이수,736,하행,남성,6-1,에스컬레이터,1804-175,B4,남성 방면6-1,상대식
7,남성,737,상행,이수,6-2,엘리베이터,0091-212,B3,이수(7) 방면6-2,상대식
7,남성,737,하행,숭실대입구,3-3,엘리베이터,0091-213,B3,숭실대입구 방면3-3,상대식
7,남성,737,상행,이수,3-4,계단,,,,상대식
7,남성,737,상행,이수,5-4,계단,,,,상대식
7,남성,737,하행,숭실대입구,3-4,계단,,,,상대식
7,남성,737,하행,숭실대입구,5-4,계단,,,,상대식
7,숭실대입구,738,상행,남성,6-1,엘리베이터,0060-933,B6,남성 방면6-1,상대식
7,숭실대입구,738,하행,상도,3-3,엘리베이터,0060-934,B6,상도 방면3-3,상대식
7,숭실대입구,738,상행,남성,4-1,계단,,,,상대식
7,숭실대입구,738,상행,남성,5-4,계단,,,,상대식
7,숭실대입구,738,하행,상도,3-4,계단,,,,상대식
7,숭실대입구,738,하행,상도,5-3,계단,,,,상대식
7,상도,739,상행,숭실대입구,4-4,엘리베이터,0021-574,B3,숭실대입구 방면4-4,상대식
7,상도,739,하행,장승배기,4-4,엘리베이터,0021-575,B3,장승배기 방면4-4,상대식
7,상도,739,상행,숭실대입구,3-4,계단,,,,상대식
7,상도,739,상행,숭실대입구,5-4,계단,,,,상대식
7,상도,739,하행,장승배기,3-4,계단,,,,상대식
7,상도,739,하행,장승배기,5-4,계단,,,,상대식
7,장승배기,740,상행,상도,3-3,에스컬레이터,1816-323,B3,상도 방면3-3,상대식
7,장승배기,740,상행,상도,3-3,에스컬레이터,1816-324,B3,상도 방면3-3,상대식
7,장승배기,740,하행,신대방삼거리,4-4,에스컬레이터,1816-325,B3,신대방삼거리 방면4-4,상대식
7,장승배기,740,하행,신대방삼거리,4-4,에스컬레이터,1816-326,B3,신대방삼거리 방면4-4,상대식
7,장승배기,740,상행,상도,4-4,엘리베이터,0022-769,B3,상도 방면4-4,상대식
7,장승배기,740,하행,신대방삼거리,4-4,엘리베이터,0022-770,B3,신대방삼거리 방면4-4,상대식
7,장승배기,740,상행,상도,3-4,계단,,,,상대식
7,장승배기,740,상행,상도,5-4,계단,,,,상대식
7,장승배기,740,하행,신대방삼거리,3-4,계단,,,,상대식
7,장승배기,740,하행,신대방삼거리,5-4,계단,,,,상대식
7,신대방삼거리,741,상행,장승배기,4-4,엘리베이터,0022-772,B3,장승배기 방면4-4,상대식
7,신대방삼거리,741,하행,보라매,4-4,엘리베이터,0022-773,B3,보라매 방면4-4,상대식
7,신대방삼거리,741,상행,장승배기,5-4,계단,,,,상대식
7,신대방삼거리,741,하행,보라매,6-1,계단,,,,상대식
7,신대방삼거리,741,상행,장승배기,3-4,에스컬레이터,1807-605,B3,장승배기 방면3-4,상대식
7,신대방삼거리,741,상행,장승배기,3-4,에스컬레이터,1807-606,B3,장승배기 방면3-4,상대식
7,신대방삼거리,741,하행,보라매,3-4,에스컬레이터,1807-607,B3,보라매 방면3-4,상대식
7,신대방삼거리,741,하행,보라매,3-4,에스컬레이터,1807-608,B3,보라매 방면3-4,상대식
7,보라매,742,상행,신대방삼거리,4-4,엘리베이터,0021-025,B2,"신풍 방면5-1, 신대방삼거리 방면4-4",섬식
7,보라매,742,하행,신풍,5-1,엘리베이터,0021-025,B2,"신풍 방면5-1, 신대방삼거리 방면4-4",섬식
7,보라매,742,상행,신대방삼거리,3-4,계단,,,,섬식
7,보라매,742,상행,신대방삼거리,5-4,계단,,,,섬식
7,보라매,742,하행,신풍,6-1,계단,,,,섬식
7,보라매,742,하행,신풍,4-1,계단,,,,섬식
7,신풍,743,상행,보라매,5-4,엘리베이터,0021-850,B2,보라매 방면5-4,상대식
7,신풍,743,하행,대림,4-1,엘리베이터,0021-851,B2,대림(7) 방면4-1,상대식
7,신풍,743,상행,보라매,1-4,계단,,,,상대식
7,신풍,743,상행,보라매,4-4,계단,,,,상대식
7,신풍,743,하행,대림,4-4,계단,,,,상대식
7,신풍,743,하행,대림,7-4,계단,,,,상대식
7,대림,744,상행,신풍,5-1,엘리베이터,0020-631,B2,신풍 방면5-1,상대식
7,대림,744,하행,남구로,4-4,엘리베이터,0020-632,B2,남구로 방면4-4,상대식
7,대림,744,상행,신풍,8-4,에스컬레이터,1803-601,B2,신풍 방면8-4,상대식
7,대림,744,상행,신풍,8-4,에스컬레이터,1803-602,B2,신풍 방면8-4,상대식
7,대림,744,상행,신풍,4-1,계단,,,,상대식
7,대림,744,하행,남구로,1-1,에스컬레이터,1803-603,B2,남구로 방면1-1,상대식
7,대림,744,상행,신풍,5-4,계단,,,,상대식
7,대림,744,하행,남구로,1-1,에스컬레이터,1803-604,B2,남구로 방면1-1,상대식
7,대림,744,상행,신풍,8-4,계단,,,,상대식
7,대림,744,하행,남구로,1-1,계단,,,,상대식
7,대림,744,하행,남구로,4-1,계단,,,,상대식
7,대림,744,하행,남구로,5-4,계단,,,,상대식
7,남구로,745,상행,대림,1-1,계단,,,,상대식
7,남구로,745,상행,대림,8-4,계단,,,,상대식
7,남구로,745,하행,가산디지털단지,1-1,계단,,,,상대식
7,남구로,745,하행,가산디지털단지,8-4,계단,,,,상대식
7,남구로,745,하행,가산디지털단지,8-2,엘리베이터,0160-841,,가산디지털단지 방면8-2,상대식
7,남구로,745,상행,대림,1-4,엘리베이터,0160-840,,대림 방면1-4,상대식
7,가산디지털단지,746,상행,남구로,5-4,엘리베이터,0021-021,B4,남구로 방면5-4,상대식
7,가산디지털단지,746,하행,철산,4-1,엘리베이터,0021-022,B4,철산 방면4-1,상대식
7,가산디지털단지,746,상행,남구로,4-3,계단,,,,상대식
7,가산디지털단지,746,상행,남구로,6-4,계단,,,,상대식
7,가산디지털단지,746,하행,철산,3-1,계단,,,,상대식
7,가산디지털단지,746,하행,철산,5-1,계단,,,,상대식
7,철산,747,상행,가산디지털단지,5-1,엘리베이터,2026-968,B2,가산디지털단지 방면5-1,상대식
7,철산,747,하행,광명사거리,4-4,엘리베이터,2026-969,B2,광명사거리 방면4-4,상대식
7,철산,747,상행,가산디지털단지,3-4,계단,,,,상대식
7,철산,747,상행,가산디지털단지,6-1,계단,,,,상대식
7,철산,747,하행,광명사거리,3-4,계단,,,,상대식
7,철산,747,하행,광명사거리,6-1,계단,,,,상대식
7,광명사거리,748,하행,천왕,2-1,엘리베이터,2026-444,B3,천왕 방면2-1,복합식
7,광명사거리,748,상행,철산,1-1,계단,,,,복합식
7,광명사거리,748,상행,철산,8-4,계단,,,,복합식
7,광명사거리,748,하행,천왕,1-1,계단,,,,복합식
7,광명사거리,748,하행,천왕,8-4,계단,,,,복합식
7,광명사거리,748,상행,철산,1-1,엘리베이터,2276-908,B3,철산 방면1-1,복합식
7,천왕,749,상행,광명사거리,5-1,엘리베이터,0021-226,B2,광명사거리 방면5-1,상대식
7,천왕,749,하행,온수,4-4,엘리베이터,0021-227,B2,온수 방면4-4,상대식
7,천왕,749,상행,광명사거리,3-4,계단,,,,상대식
7,천왕,749,상행,광명사거리,5-4,계단,,,,상대식
7,천왕,749,하행,온수,3-4,계단,,,,상대식
7,천왕,749,하행,온수,5-4,계단,,,,상대식
7,온수,750,상행,천왕,4-4,엘리베이터,0021-618,B2,천왕 방면4-4,복합식
7,온수,750,하행,까치울,5-1,엘리베이터,0021-619,B2,까치울 방면5-1,복합식
7,온수,750,상행,천왕,1-1,에스컬레이터,1803-454,B2,천왕 방면1-1,복합식
7,온수,750,상행,천왕,8-4,에스컬레이터,1803-455,B2,천왕 방면8-4,복합식
7,온수,750,하행,까치울,8-4,에스컬레이터,1803-456,B2,까치울 방면8-4,복합식
7,온수,750,하행,까치울,1-1,에스컬레이터,1803-457,B2,까치울 방면1-1,복합식
7,온수,750,상행,천왕,4-1,계단,,,,복합식
7,온수,750,상행,천왕,5-4,계단,,,,복합식
7,온수,750,하행,까치울,4-1,계단,,,,복합식
7,온수,750,하행,까치울,5-4,계단,,,,복합식
8,암사역사공원,809,상행,장자호수공원,2-4,에스컬레이터,1811-883,B2,장자호수공원 방면2-4,상대식
8,암사역사공원,809,상행,장자호수공원,2-4,에스컬레이터,1811-884,B2,장자호수공원 방면2-4,상대식
8,암사역사공원,809,하행,암사,5-1,에스컬레이터,1811-881,B2,암사 방면5-1,상대식
8,암사역사공원,809,하행,암사,5-1,에스컬레이터,1811-882,B2,암사 방면5-1,상대식
8,암사역사공원,809,하행,암사,3-4,엘리베이터,0167-998,B2,암사 방면3-4,상대식
8,암사역사공원,809,상행,장자호수공원,6-1,엘리베이터,0167-999,B2,장자호수공원 방면6-1,상대식
8,암사,810,상행,암사역사공원,3-4,엘리베이터,0066-066,B2,암사역사공원 방면3-4,상대식
8,암사,810,하행,천호,4-1,엘리베이터,0066-067,B2,천호 방면4-1,상대식
8,암사,810,상행,암사역사공원,2-4,계단,,,,상대식
8,암사,810,상행,암사역사공원,4-3,계단,,,,상대식
8,암사,810,하행,천호,3-2,계단,,,,상대식
8,암사,810,하행,천호,5-1,계단,,,,상대식
8,천호,811,상행,암사,2-2,엘리베이터,0077-988,B2,암사 방면2-2,상대식
8,천호,811,하행,강동구청,5-4,엘리베이터,0077-989,B2,강동구청 방면5-4,상대식
8,천호,811,상행,암사,1-4,계단,,,,상대식
8,천호,811,상행,암사,2-3,계단,,,,상대식
8,천호,811,하행,강동구청,5-2,계단,,,,상대식
8,천호,811,하행,강동구청,6-1,계단,,,,상대식
8,강동구청,812,상행,천호,4-2,엘리베이터,0077-745,B3,천호 방면4-2,상대식
8,강동구청,812,하행,몽촌토성,"3-2,3-3 사이",엘리베이터,0077-746,B3,"몽촌토성 방면 3-2,3-3 사이",상대식
8,강동구청,812,상행,천호,3-2,계단,,,,상대식
8,강동구청,812,상행,천호,5-1,계단,,,,상대식
8,강동구청,812,하행,몽촌토성,2-4,계단,,,,상대식
8,강동구청,812,하행,몽촌토성,4-3,계단,,,,상대식
8,몽촌토성,813,상행,강동구청,3-4,엘리베이터,0011-276,B3,강동구청 방면3-4,상대식
8,몽촌토성,813,하행,잠실,3-4,엘리베이터,0011-277,B3,잠실 방면3-4,상대식
8,몽촌토성,813,상행,강동구청,2-4,계단,,,,상대식
8,몽촌토성,813,상행,강동구청,4-3,계단,,,,상대식
8,몽촌토성,813,하행,잠실,3-1,계단,,,,상대식
8,몽촌토성,813,하행,잠실,4-4,계단,,,,상대식
8,잠실,814,상행,몽촌토성,2-3,엘리베이터,0087-497,B3,몽촌토성 방면2-3,상대식
8,잠실,814,하행,석촌,5-2,엘리베이터,0087-498,B3,석촌 방면5-2,상대식
8,잠실,814,상행,몽촌토성,3-1,계단,,,,상대식
8,잠실,814,상행,몽촌토성,5-1,계단,,,,상대식
8,잠실,814,하행,석촌,2-4,계단,,,,상대식
8,잠실,814,하행,석촌,4-4,계단,,,,상대식
8,석촌,815,상행,잠실,4-4,계단,,,,상대식
8,석촌,815,하행,송파,3-1,계단,,,,상대식
8,석촌,815,하행,송파,4-4,계단,,,,상대식
8,석촌,815,하행,송파,3-4,엘리베이터,0075-713,B2,송파 방면3-4,상대식
8,석촌,815,상행,잠실,3-4,엘리베이터,0075-712,B2,잠실 방면3-4,상대식
8,석촌,815,상행,잠실,3-1,계단,,,,상대식
8,송파,816,상행,석촌,2-4,계단,,,,상대식
8,송파,816,상행,석촌,4-4,계단,,,,상대식
8,송파,816,하행,가락시장,3-1,계단,,,,상대식
8,송파,816,하행,가락시장,5-1,계단,,,,상대식
8,송파,816,하행,가락시장,"3-4,4-1 사이",엘리베이터,0087-792,B2,"가락시장 방면 3-4,4-1 사이",상대식
8,송파,816,상행,석촌,3-4,엘리베이터,0087-791,B2,석촌 방면3-4,상대식
8,가락시장,817,상행,송파,3-1,계단,,,,상대식
8,가락시장,817,상행,송파,4-4,계단,,,,상대식
8,가락시장,817,상행,송파,6-4,계단,,,,상대식
8,가락시장,817,하행,문정,1-1,계단,,,,상대식
8,가락시장,817,하행,문정,3-1,계단,,,,상대식
8,가락시장,817,하행,문정,4-4,계단,,,,상대식
8,가락시장,817,상행,송파,5-4,엘리베이터,0078-551,B2,송파 방면5-4,상대식
8,가락시장,817,하행,문정,2-3,엘리베이터,0078-553,B2,문정 방면2-3,상대식
8,가락시장,817,상행,송파,6-4,엘리베이터,0078-555,B2,송파 방면6-4,상대식
8,가락시장,817,하행,문정,1-1,엘리베이터,0078-554,B2,환승통로(문정 방면1-1),상대식
8,가락시장,817,상행,송파,6-4,에스컬레이터,1805-681,B2,환승통로(송파 방면6-4),상대식
8,가락시장,817,상행,송파,6-4,에스컬레이터,1805-682,B2,환승통로(송파 방면6-4),상대식
8,가락시장,817,상행,송파,6-4,에스컬레이터,1805-683,B2,환승통로(송파 방면6-4),상대식
8,가락시장,817,하행,문정,1-1,에스컬레이터,1805-684,B2,환승통로(문정 방면1-1),상대식
8,문정,818,상행,가락시장,2-4,계단,,,,상대식
8,문정,818,상행,가락시장,4-4,계단,,,,상대식
8,문정,818,하행,장지,3-1,계단,,,,상대식
8,문정,818,하행,장지,5-1,계단,,,,상대식
8,문정,818,상행,가락시장,3-4,엘리베이터,0077-747,B2,가락시장 방면3-4,상대식
8,문정,818,하행,장지,4-1,엘리베이터,0077-748,B2,장지 방면4-1,상대식
8,장지,819,상행,문정,3-1,계단,,,,상대식
8,장지,819,상행,문정,5-1,계단,,,,상대식
8,장지,819,하행,복정,2-4,계단,,,,상대식
8,장지,819,하행,복정,4-4,계단,,,,상대식
8,장지,819,상행,문정,4-1,엘리베이터,0077-861,B2,문정 방면4-1,상대식
8,장지,819,하행,복정,3-4,엘리베이터,0077-862,B2,복정 방면3-4,상대식
8,복정,820,상행,장지,2-4,계단,,,,섬식
8,복정,820,상행,장지,5-2,계단,,,,섬식
8,복정,820,하행,남위례,3-4,엘리베이터,0011-754,B2,"장지 방면3-4, 남위례 방면3-4",섬식
8,복정,820,하행,남위례,2-2,에스컬레이터,1802-951,B2,"장지 방면5-2, 남위례 방면2-2",섬식
8,복정,820,상행,장지,3-4,엘리베이터,0011-754,B2,"장지 방면3-4, 남위례 방면3-4",섬식
8,복정,820,상행,장지,5-2,에스컬레이터,1802-951,B2,"장지 방면5-2, 남위례 방면2-2",섬식
8,복정,820,하행,남위례,7-1,계단,,,,섬식
8,복정,820,하행,남위례,4-3,계단,,,,섬식
8,산성,822,상행,남위례,1-2,계단,,,,상대식
8,산성,822,하행,남한산성입구,6-3,계단,,,,상대식
8,산성,822,상행,남위례,6-2,에스컬레이터,3802-097,B3,남위례 방면6-2,상대식
8,산성,822,상행,남위례,6-2,에스컬레이터,3802-098,B3,남위례 방면6-2,상대식
8,산성,822,하행,남한산성입구,1-3,에스컬레이터,3802-099,B3,남한산성입구 방면1-3,상대식
8,산성,822,하행,남한산성입구,1-3,에스컬레이터,3802-100,B3,남한산성입구 방면1-3,상대식
8,산성,822,상행,남위례,1-3,에스컬레이터,,,남위례 방면1-3,상대식
8,산성,822,상행,남위례,1-3,에스컬레이터,,,남위례 방면1-3,상대식
8,산성,822,하행,남한산성입구,6-2,에스컬레이터,,,남한산성입구 방면6-2,상대식
8,산성,822,하행,남한산성입구,6-2,에스컬레이터,,,남한산성입구 방면6-2,상대식
8,산성,822,상행,남위례,6-2,엘리베이터,2024-722,B3,남위례 방면6-2,상대식
8,산성,822,하행,남한산성입구,1-3,엘리베이터,2024-723,B3,남한산성입구 방면1-3,상대식
8,남한산성입구,823,상행,산성,3-1,계단,,,,상대식
8,남한산성입구,823,상행,산성,4-3,계단,,,,상대식
8,남한산성입구,823,하행,단대오거리,3-2,계단,,,,상대식
8,남한산성입구,823,하행,단대오거리,4-4,계단,,,,상대식
8,남한산성입구,823,상행,산성,3-4,엘리베이터,2022-967,B3,산성 방면3-4,상대식
8,남한산성입구,823,하행,단대오거리,4-1,엘리베이터,2231-773,B3,단대오거리 방면4-1,상대식
8,단대오거리,824,상행,남한산성입구,3-3,계단,,,,상대식
8,단대오거리,824,상행,남한산성입구,5-1,계단,,,,상대식
8,단대오거리,824,하행,신흥,2-4,계단,,,,상대식
8,단대오거리,824,하행,신흥,4-2,계단,,,,상대식
8,단대오거리,824,상행,남한산성입구,2-4,엘리베이터,2116-586,B3,남한산성입구 방면2-4,상대식
8,단대오거리,824,하행,신흥,5-1,엘리베이터,2116-587,B3,신흥 방면5-1,상대식
8,신흥,825,상행,단대오거리,3-2,계단,,,,상대식
8,신흥,825,상행,단대오거리,4-4,계단,,,,상대식
8,신흥,825,하행,수진,3-1,계단,,,,상대식
8,신흥,825,하행,수진,4-3,계단,,,,상대식
8,신흥,825,상행,단대오거리,4-1,엘리베이터,2022-969,B2,단대오거리 방면4-1,상대식
8,신흥,825,하행,수진,3-4,엘리베이터,2022-970,B2,수진 방면3-4,상대식
8,수진,826,상행,신흥,3-1,계단,,,,상대식
8,수진,826,상행,신흥,4-3,계단,,,,상대식
8,수진,826,하행,모란,3-2,계단,,,,상대식
8,수진,826,하행,모란,4-4,계단,,,,상대식
8,수진,826,상행,신흥,3-4,엘리베이터,2116-589,B2,신흥 방면3-4,상대식
8,수진,826,하행,모란,4-1,엘리베이터,2116-590,B2,모란 방면4-1,상대식
8,모란,827,상행,수진,2-4,계단,,,,상대식
8,모란,827,상행,수진,4-3,계단,,,,상대식
8,모란,827,하행,모란,3-2,계단,,,,상대식
8,모란,827,하행,모란,5-1,계단,,,,상대식
8,모란,827,상행,수진,5-2,엘리베이터,2116-583,B3,수진 방면5-2,상대식
8,모란,827,하행,모란,2-3,엘리베이터,2116-584,B3,모란 방면2-3,상대식
8,남위례,821,하행,산성,5-1,에스컬레이터,3813-886,4F,산성 방면5-1,상대식
8,남위례,821,하행,산성,5-1,에스컬레이터,3813-887,4F,산성 방면5-1,상대식
8,남위례,821,하행,산성,3-4,엘리베이터,2249-472,4F,산성 방면3-4,상대식
